rate,effective_date,season,start,end,determinant,rate_determinant,1/1/2025,2/1/2025,3/1/2025,4/1/2025,5/1/2025,6/1/2025,7/1/2025,8/1/2025,9/1/2025,10/1/2025,11/1/2025,12/1/2025
delivery charge,04/01/2026,,,,,per ccf,1.657,1.657,1.657,1.657,1.657,1.657,1.657,1.657,1.657,1.657,1.657,2.1028
system expansion reconciliation,04/01/2026,,,,,per ccf,0.1122,0.1122,0.1122,0.1103,0.1103,0.1103,0.1103,0.1103,0.1103,0.1103,0.1103,0.1103
gas system improvement charge,04/01/2026,,,,,per ccf,0.0973,0.0973,0.0973,0.1364,0.1364,0.1364,0.1364,0.1364,0.1364,0.1364,0.1364,0.0226
revenue adjustment mechanism,04/01/2026,,,,,per ccf,0.0361,0.0361,0.0361,0.0424,0.0424,0.0424,0.0424,0.0424,0.0424,0.0424,0.0424,0.0424
conservation adjustment mechanism,04/01/2022,,,,,per ccf,0.046,0.046,0.046,0.046,0.046,0.046,0.046,0.046,0.046,0.046,0.046,0.046
sales services charge,04/01/2026,,,,,per ccf,0.0347,0.0347,0.0347,0.0347,0.0347,0.0347,0.0347,0.0347,0.0347,0.0347,0.0347,0.0401
purchased gas adjustment,08/01/2026,,,,,per ccf,0.3864,0.4123,0.413,0.4132,0.364,0.4169,0.3966,0.3944,0.4977,0.5366,0.538,0.5797
distribution integrity management program,04/01/2026,,,,,per ccf,,,,,,,,,,,,
customer service charge,12/01/2025,,,,,per month,20.5,20.5,20.5,20.5,20.5,20.5,20.5,20.5,20.5,20.5,20.5,25.0
