,,kWh by Rate Class - TY 2025,,,,,,,,,,,
,,,,,,,,,,,,,
Rate,,January,February,March,April,May,June,July,August,September,October,November,December
1,,"  811,840,118 ","  748,482,936 ","  645,988,848 ","  550,246,015 ","  560,797,622 ","  628,732,197 ","  980,396,793 ","  923,600,729 ","  696,893,046 ","  566,925,148 ","  598,988,677 ","  747,241,650 "
5,,"  228,153,268 ","  224,830,805 ","  172,944,105 ","  121,212,053 ","  92,022,108 ","  84,008,142 ","  110,649,103 ","  102,320,456 ","  83,163,208 ","  74,714,138 ","  112,021,551 ","  188,782,458 "
7,,"  855,013 ","  919,754 ","  707,502 ","  589,739 ","  598,696 ","  624,458 ","  937,182 ","  925,741 ","  706,510 ","  615,917 ","  632,670 ","  764,023 "
18,,"  69,842 ","  70,040 ","  63,051 ","  60,201 ","  58,828 ","  55,150 ","  63,859 ","  57,279 ","  52,595 ","  53,818 ","  51,626 ","  62,537 "
27,,"  14,358,906 ","  17,544,800 ","  13,682,414 ","  11,769,339 ","  12,021,927 ","  11,770,698 ","  14,912,512 ","  15,039,535 ","  12,610,218 ","  11,860,866 ","  11,729,753 ","  13,939,589 "
27A,,"  807,260 ","  1,297,750 ","  985,243 ","  841,833 ","  1,057,838 ","  873,417 ","  1,117,861 ","  1,264,923 ","  940,760 ","  912,970 ","  960,804 ","  978,353 "
29,,"  242,432 ","  251,084 ","  223,218 ","  245,228 ","  297,808 ","  318,831 ","  338,170 ","  222,039 ","  330,972 ","  391,481 ","  386,933 ","  242,859 "
30,,"  294,730,353 ","  291,587,294 ","  261,546,598 ","  231,368,403 ","  246,746,035 ","  253,898,518 ","  327,107,009 ","  316,100,173 ","  275,644,167 ","  239,676,024 ","  241,080,286 ","  276,710,432 "
30A,,"  12,905,259 ","  13,171,148 ","  11,481,803 ","  11,217,005 ","  11,710,785 ","  11,683,191 ","  15,291,687 ","  15,059,643 ","  13,145,971 ","  11,630,580 ","  12,411,006 ","  14,251,216 "
35,,"  38,909,684 ","  38,392,524 ","  35,867,919 ","  33,746,350 ","  36,357,996 ","  36,559,079 ","  43,536,808 ","  41,610,393 ","  39,054,337 ","  34,943,387 ","  35,511,643 ","  37,363,682 "
37,,"  121,729,239 ","  114,351,256 ","  106,679,435 ","  97,794,158 ","  102,118,777 ","  107,274,312 ","  128,423,649 ","  122,119,298 ","  108,695,205 ","  100,185,216 ","  97,857,318 ","  108,640,178 "
39,,18673895,13716017,22954108,18039332,25756400,19589360,24572530,11824258,11151412,20435765,22543047,23012908
40,,"  7,858,267 ","  8,082,264 ","  6,862,541 ","  5,654,250 ","  5,078,504 ","  5,210,401 ","  6,662,974 ","  6,507,855 ","  5,671,228 ","  5,153,489 ","  5,825,688 ","  7,366,264 "
41,,"  1,215,688 ","  1,214,155 ","  1,058,952 ","  979,875 ","  827,361 ","  852,034 ","  1,088,808 ","  1,016,144 ","  751,441 ","  896,115 ","  962,282 ","  1,093,847 "
55,,"  49,915,486 ","  49,304,340 ","  49,652,943 ","  48,831,727 ","  53,255,111 ","  54,058,830 ","  60,809,669 ","  61,944,874 ","  58,026,104 ","  53,968,353 ","  54,123,261 ","  51,695,481 "
56,,"  146,205,143 ","  132,849,632 ","  127,424,832 ","  117,121,055 ","  128,538,532 ","  132,717,668 ","  158,944,767 ","  160,233,276 ","  164,528,640 ","  133,320,328 ","  126,896,485 ","  136,681,794 "
57,,"  61,269,144 ","  54,884,767 ","  64,239,511 ","  59,667,711 ","  50,824,174 ","  77,441,141 ","  75,681,558 ","  66,874,218 ","  67,085,231 ","  58,810,043 ","  65,697,873 ","  60,503,537 "
58,,"  109,650,593 ","  103,352,977 ","  104,679,443 ","  94,539,879 ","  114,621,503 ","  108,628,362 ","  142,328,447 ","  123,449,204 ","  112,777,700 ","  105,390,630 ","  75,263,371 ","  128,375,765 "
EV-S,,"  100,051 ","  106,565 ","  21,325 ","  39,421 ","  183,955 ","  39,596 ","  (28,934)","  34,170 ","  29,123 ","  192,493 ","  48,713 ","  36,208 "
EV-M,,"  256,800 ","  220,407 ","  270,537 ","  254,138 ","  276,555 ","  294,665 ","  281,857 ","  271,254 ","  285,260 ","  259,046 ","  258,964 ","  290,013 "
EV-L,,"  2,650,560 ","  2,358,864 ","  2,114,544 ","  1,861,104 ","  2,143,968 ","  2,171,808 ","  2,626,320 ","  2,741,328 ","  2,309,664 ","  2,220,000 ","  2,885,184 ","  2,986,896 "
115,,"  4,673,442 ","  4,627,323 ","  4,666,640 ","  4,673,172 ","  4,671,828 ","  4,678,897 ","  4,684,825 ","  4,690,170 ","  4,690,438 ","  4,603,406 ","  4,691,945 ","  4,696,224 "
116,,"  2,981,638 ","  2,473,453 ","  2,470,405 ","  2,029,241 ","  1,879,347 ","  1,598,889 ","  1,763,959 ","  2,019,839 ","  2,232,037 ","  2,576,215 ","  2,784,700 ","  2,975,818 "
117,,"  2,314,858 ","  1,975,787 ","  1,951,709 ","  1,640,619 ","  1,498,993 ","  1,355,112 ","  1,445,328 ","  1,593,399 ","  1,790,949 ","  2,081,859 ","  2,220,939 ","  2,364,117 "
119,,"  474,108 ","  263,353 ","  48,549 ","  31,544 ","  9,494 ","  3,471 ","  544,004 ","  18,729 ","  33,349 ","  284,832 ","  29,717 ","  8,480 "
Total,,"  1,932,841,046 ","  1,826,329,295 ","  1,638,586,173 ","  1,414,453,391 ","  1,453,354,144 ","  1,544,438,227 ","  2,104,180,744 ","  1,981,538,926 ","  1,662,599,564 ","  1,432,102,119 ","  1,475,864,435 ","  1,811,064,329 "
