bldg_id,tariff_key
222977,null_gas_tariff
222848,yankee_gas_nonheating
223749,null_gas_tariff
225818,null_gas_tariff
226236,null_gas_tariff
2277,null_gas_tariff
229174,null_gas_tariff
229392,yankee_gas_heating
229468,null_gas_tariff
229552,yankee_gas_nonheating
229879,yankee_gas_mf
23039,southern_ct_gas_mf
231057,null_gas_tariff
231205,yankee_gas_heating
232099,southern_ct_gas_nonheating
232373,null_gas_tariff
232441,southern_ct_gas_heating
233255,southern_ct_gas_mf
23352,southern_ct_gas_heating
233555,ct_natural_gas_heating
233677,null_gas_tariff
234060,yankee_gas_nonheating
2353,ct_natural_gas_heating
235903,ct_natural_gas_mf
236061,southern_ct_gas_heating
236236,null_gas_tariff
237004,null_gas_tariff
237430,yankee_gas_mf
237540,southern_ct_gas_heating
23780,southern_ct_gas_mf
239353,ct_natural_gas_heating
240549,null_gas_tariff
240613,yankee_gas_mf
240939,ct_natural_gas_heating
241768,ct_natural_gas_nonheating
242165,null_gas_tariff
242063,yankee_gas_heating
242264,ct_natural_gas_heating
242745,southern_ct_gas_heating
243667,null_gas_tariff
244714,null_gas_tariff
244706,ct_natural_gas_mf
245025,null_gas_tariff
245321,null_gas_tariff
246271,southern_ct_gas_heating
247231,southern_ct_gas_nonheating
247443,null_gas_tariff
247456,southern_ct_gas_heating
247788,yankee_gas_nonheating
248237,null_gas_tariff
252631,yankee_gas_mf
251450,southern_ct_gas_heating
253855,southern_ct_gas_nonheating
253681,null_gas_tariff
255250,null_gas_tariff
254802,null_gas_tariff
255376,null_gas_tariff
256412,null_gas_tariff
256182,southern_ct_gas_mf
256547,null_gas_tariff
256731,ct_natural_gas_heating
257043,yankee_gas_heating
260859,null_gas_tariff
261304,null_gas_tariff
261878,null_gas_tariff
262135,null_gas_tariff
263809,southern_ct_gas_mf
263907,southern_ct_gas_heating
265109,null_gas_tariff
266533,yankee_gas_mf
266537,yankee_gas_mf
26760,southern_ct_gas_heating
268067,null_gas_tariff
269531,null_gas_tariff
269988,yankee_gas_nonheating
270772,yankee_gas_heating
270414,null_gas_tariff
27159,yankee_gas_nonheating
273047,ct_natural_gas_heating
273593,null_gas_tariff
273685,null_gas_tariff
273757,null_gas_tariff
275965,null_gas_tariff
276084,null_gas_tariff
276001,null_gas_tariff
27704,null_gas_tariff
277625,yankee_gas_heating
277721,null_gas_tariff
278016,null_gas_tariff
278202,southern_ct_gas_heating
278304,null_gas_tariff
278927,null_gas_tariff
279395,yankee_gas_mf
279714,southern_ct_gas_heating
279828,null_gas_tariff
281710,null_gas_tariff
285353,null_gas_tariff
285879,null_gas_tariff
285671,null_gas_tariff
286184,null_gas_tariff
28825,yankee_gas_mf
287870,ct_natural_gas_heating
287089,southern_ct_gas_heating
288310,null_gas_tariff
288835,null_gas_tariff
288517,yankee_gas_mf
288938,ct_natural_gas_heating
289754,null_gas_tariff
290238,null_gas_tariff
290636,null_gas_tariff
290529,southern_ct_gas_heating
290788,null_gas_tariff
291370,null_gas_tariff
291615,yankee_gas_heating
292263,null_gas_tariff
293390,ct_natural_gas_heating
294932,null_gas_tariff
295688,null_gas_tariff
295438,null_gas_tariff
295009,yankee_gas_mf
295792,null_gas_tariff
296548,null_gas_tariff
297099,yankee_gas_heating
29654,null_gas_tariff
297747,ct_natural_gas_heating
298286,null_gas_tariff
299527,yankee_gas_mf
3,southern_ct_gas_mf
299903,yankee_gas_heating
301257,ct_natural_gas_heating
301513,ct_natural_gas_heating
302297,null_gas_tariff
303508,null_gas_tariff
304860,null_gas_tariff
304501,southern_ct_gas_nonheating
304905,null_gas_tariff
305199,null_gas_tariff
306251,null_gas_tariff
306482,yankee_gas_heating
306937,yankee_gas_heating
307563,southern_ct_gas_mf
308289,ct_natural_gas_heating
308319,null_gas_tariff
30845,null_gas_tariff
308672,yankee_gas_heating
30941,ct_natural_gas_heating
309261,yankee_gas_heating
309953,null_gas_tariff
310489,yankee_gas_heating
311280,null_gas_tariff
313086,null_gas_tariff
312827,yankee_gas_heating
313414,southern_ct_gas_heating
313638,yankee_gas_nonheating
314179,yankee_gas_heating
314489,null_gas_tariff
314540,null_gas_tariff
31488,southern_ct_gas_heating
314824,null_gas_tariff
317088,null_gas_tariff
318870,null_gas_tariff
318918,null_gas_tariff
318566,norwich_muni_general
31933,yankee_gas_nonheating
321529,null_gas_tariff
323295,yankee_gas_mf
323899,yankee_gas_mf
324161,null_gas_tariff
324092,southern_ct_gas_heating
324963,null_gas_tariff
324718,null_gas_tariff
326543,null_gas_tariff
328282,null_gas_tariff
328461,null_gas_tariff
328669,null_gas_tariff
329417,null_gas_tariff
32979,ct_natural_gas_mf
330961,yankee_gas_mf
33151,ct_natural_gas_heating
331622,null_gas_tariff
333302,null_gas_tariff
333274,southern_ct_gas_heating
33335,null_gas_tariff
334624,null_gas_tariff
334842,null_gas_tariff
335119,yankee_gas_heating
336492,southern_ct_gas_mf
336660,null_gas_tariff
336843,null_gas_tariff
338446,null_gas_tariff
338689,yankee_gas_heating
338462,ct_natural_gas_heating
339085,southern_ct_gas_mf
339777,null_gas_tariff
340556,null_gas_tariff
341891,null_gas_tariff
341809,null_gas_tariff
34254,null_gas_tariff
342529,null_gas_tariff
342963,yankee_gas_nonheating
343663,null_gas_tariff
345551,null_gas_tariff
345221,null_gas_tariff
345860,null_gas_tariff
222831,null_gas_tariff
22336,null_gas_tariff
223922,ct_natural_gas_heating
224556,null_gas_tariff
225154,yankee_gas_mf
224727,ct_natural_gas_nonheating
225125,null_gas_tariff
22542,null_gas_tariff
22557,null_gas_tariff
225669,yankee_gas_heating
225651,yankee_gas_heating
225743,yankee_gas_heating
227285,yankee_gas_nonheating
227854,null_gas_tariff
228582,null_gas_tariff
228832,yankee_gas_mf
228932,null_gas_tariff
229325,southern_ct_gas_nonheating
229338,null_gas_tariff
229569,null_gas_tariff
229704,null_gas_tariff
230861,null_gas_tariff
230905,ct_natural_gas_nonheating
231443,yankee_gas_nonheating
231918,yankee_gas_mf
232686,yankee_gas_heating
2331,southern_ct_gas_heating
23403,null_gas_tariff
234088,southern_ct_gas_mf
235990,yankee_gas_nonheating
236211,yankee_gas_mf
236241,null_gas_tariff
236225,null_gas_tariff
237919,ct_natural_gas_mf
238074,southern_ct_gas_heating
239218,null_gas_tariff
239186,null_gas_tariff
239646,ct_natural_gas_heating
239531,yankee_gas_mf
240029,yankee_gas_nonheating
241376,null_gas_tariff
241308,null_gas_tariff
241599,yankee_gas_heating
241785,null_gas_tariff
24243,ct_natural_gas_nonheating
24359,southern_ct_gas_heating
243549,ct_natural_gas_heating
243843,southern_ct_gas_heating
243776,null_gas_tariff
243631,ct_natural_gas_nonheating
246176,ct_natural_gas_heating
247090,null_gas_tariff
247246,null_gas_tariff
249761,null_gas_tariff
249777,null_gas_tariff
250517,yankee_gas_heating
250458,yankee_gas_nonheating
251493,null_gas_tariff
251027,null_gas_tariff
252889,null_gas_tariff
25414,ct_natural_gas_heating
254280,ct_natural_gas_mf
254740,yankee_gas_mf
255015,null_gas_tariff
255106,null_gas_tariff
256589,yankee_gas_heating
256413,southern_ct_gas_mf
256628,yankee_gas_heating
257361,southern_ct_gas_heating
257990,ct_natural_gas_mf
258575,null_gas_tariff
258689,yankee_gas_heating
259034,yankee_gas_mf
25925,null_gas_tariff
25920,southern_ct_gas_nonheating
259860,null_gas_tariff
260078,ct_natural_gas_heating
260482,yankee_gas_heating
260676,yankee_gas_mf
260563,null_gas_tariff
261714,ct_natural_gas_heating
261873,null_gas_tariff
26148,null_gas_tariff
262369,null_gas_tariff
263527,null_gas_tariff
264377,yankee_gas_nonheating
263934,yankee_gas_nonheating
265729,southern_ct_gas_heating
266265,null_gas_tariff
267183,yankee_gas_nonheating
267639,ct_natural_gas_mf
268767,null_gas_tariff
268734,ct_natural_gas_heating
269609,yankee_gas_heating
2701,ct_natural_gas_heating
270275,null_gas_tariff
27095,yankee_gas_heating
271248,null_gas_tariff
27243,null_gas_tariff
273033,null_gas_tariff
273185,ct_natural_gas_heating
273267,ct_natural_gas_heating
273523,ct_natural_gas_heating
273771,yankee_gas_nonheating
274090,yankee_gas_nonheating
274091,null_gas_tariff
27576,null_gas_tariff
27685,ct_natural_gas_heating
277653,southern_ct_gas_heating
27801,ct_natural_gas_heating
278135,ct_natural_gas_heating
279732,yankee_gas_mf
281229,null_gas_tariff
280816,yankee_gas_mf
281847,null_gas_tariff
283431,null_gas_tariff
283932,null_gas_tariff
283082,null_gas_tariff
282830,null_gas_tariff
284408,null_gas_tariff
28430,southern_ct_gas_heating
283387,southern_ct_gas_heating
284718,null_gas_tariff
284757,southern_ct_gas_heating
285665,southern_ct_gas_heating
28578,null_gas_tariff
285979,null_gas_tariff
286503,southern_ct_gas_heating
286644,southern_ct_gas_nonheating
287162,southern_ct_gas_heating
286758,null_gas_tariff
287812,null_gas_tariff
287978,yankee_gas_heating
288341,yankee_gas_nonheating
288356,null_gas_tariff
288179,null_gas_tariff
288872,null_gas_tariff
289023,yankee_gas_nonheating
291,southern_ct_gas_mf
29081,null_gas_tariff
292197,null_gas_tariff
293029,yankee_gas_mf
293494,yankee_gas_nonheating
294803,yankee_gas_heating
295064,yankee_gas_nonheating
295864,null_gas_tariff
295621,null_gas_tariff
296281,null_gas_tariff
298079,null_gas_tariff
29861,southern_ct_gas_mf
298935,southern_ct_gas_mf
298741,yankee_gas_nonheating
299316,ct_natural_gas_nonheating
299542,null_gas_tariff
300792,southern_ct_gas_nonheating
301616,southern_ct_gas_heating
303495,yankee_gas_heating
305372,null_gas_tariff
30667,ct_natural_gas_mf
306840,null_gas_tariff
307185,null_gas_tariff
308894,ct_natural_gas_mf
309661,yankee_gas_nonheating
309750,ct_natural_gas_mf
310232,yankee_gas_mf
309826,yankee_gas_heating
310619,null_gas_tariff
311576,southern_ct_gas_mf
311592,null_gas_tariff
311754,yankee_gas_nonheating
312228,null_gas_tariff
313092,null_gas_tariff
314303,null_gas_tariff
314854,null_gas_tariff
315398,null_gas_tariff
316039,null_gas_tariff
316939,southern_ct_gas_heating
316973,ct_natural_gas_heating
317444,null_gas_tariff
317645,null_gas_tariff
317543,yankee_gas_heating
318293,null_gas_tariff
318217,null_gas_tariff
318322,null_gas_tariff
318701,null_gas_tariff
319862,ct_natural_gas_heating
321428,yankee_gas_nonheating
32152,yankee_gas_heating
321632,southern_ct_gas_mf
321709,ct_natural_gas_heating
32232,yankee_gas_nonheating
322672,southern_ct_gas_heating
322780,null_gas_tariff
323764,yankee_gas_nonheating
323900,ct_natural_gas_mf
324099,ct_natural_gas_mf
324201,yankee_gas_mf
325717,null_gas_tariff
325831,null_gas_tariff
32547,southern_ct_gas_mf
326686,null_gas_tariff
326629,null_gas_tariff
327407,southern_ct_gas_heating
328048,null_gas_tariff
328476,yankee_gas_heating
329241,null_gas_tariff
329145,southern_ct_gas_nonheating
329491,null_gas_tariff
331346,null_gas_tariff
331539,null_gas_tariff
331662,null_gas_tariff
33334,yankee_gas_heating
333817,null_gas_tariff
33479,southern_ct_gas_heating
336034,null_gas_tariff
336601,null_gas_tariff
336679,yankee_gas_heating
337336,null_gas_tariff
33746,yankee_gas_heating
338234,null_gas_tariff
338920,southern_ct_gas_heating
339039,yankee_gas_heating
33975,null_gas_tariff
340100,null_gas_tariff
340968,null_gas_tariff
341661,null_gas_tariff
342344,null_gas_tariff
342450,null_gas_tariff
342536,null_gas_tariff
3426,null_gas_tariff
343082,null_gas_tariff
343593,null_gas_tariff
34449,null_gas_tariff
344862,null_gas_tariff
223573,yankee_gas_mf
223628,null_gas_tariff
224486,ct_natural_gas_mf
223948,ct_natural_gas_heating
224834,null_gas_tariff
224838,null_gas_tariff
225271,yankee_gas_mf
2252,southern_ct_gas_mf
225935,ct_natural_gas_mf
227114,yankee_gas_mf
228430,null_gas_tariff
228897,null_gas_tariff
22898,null_gas_tariff
229380,yankee_gas_heating
230085,yankee_gas_nonheating
231161,ct_natural_gas_heating
231500,southern_ct_gas_heating
231877,null_gas_tariff
232187,southern_ct_gas_heating
232630,ct_natural_gas_heating
232831,southern_ct_gas_heating
233573,null_gas_tariff
233579,norwich_muni_general
23447,null_gas_tariff
234372,null_gas_tariff
235147,null_gas_tariff
235345,null_gas_tariff
236366,southern_ct_gas_mf
236459,yankee_gas_mf
236412,ct_natural_gas_heating
236915,null_gas_tariff
237171,null_gas_tariff
237239,ct_natural_gas_nonheating
237542,null_gas_tariff
237714,yankee_gas_mf
237812,null_gas_tariff
238047,null_gas_tariff
238269,ct_natural_gas_heating
238549,southern_ct_gas_heating
239181,ct_natural_gas_heating
240534,null_gas_tariff
241531,null_gas_tariff
243316,null_gas_tariff
243076,null_gas_tariff
243997,null_gas_tariff
244258,null_gas_tariff
244554,southern_ct_gas_mf
244250,ct_natural_gas_nonheating
244982,null_gas_tariff
24641,null_gas_tariff
24633,null_gas_tariff
246494,null_gas_tariff
247774,null_gas_tariff
248038,ct_natural_gas_heating
248667,yankee_gas_heating
248813,ct_natural_gas_heating
249626,null_gas_tariff
250042,yankee_gas_mf
250429,null_gas_tariff
250520,null_gas_tariff
252861,null_gas_tariff
25243,yankee_gas_heating
253837,null_gas_tariff
253910,southern_ct_gas_nonheating
25471,yankee_gas_heating
254875,null_gas_tariff
255366,null_gas_tariff
255265,null_gas_tariff
256232,yankee_gas_mf
255906,southern_ct_gas_heating
257534,null_gas_tariff
257643,ct_natural_gas_heating
258719,southern_ct_gas_heating
259211,null_gas_tariff
260758,null_gas_tariff
260715,null_gas_tariff
261326,null_gas_tariff
26167,null_gas_tariff
261746,ct_natural_gas_heating
261897,null_gas_tariff
262171,southern_ct_gas_mf
263100,null_gas_tariff
262932,southern_ct_gas_heating
263450,null_gas_tariff
263519,yankee_gas_nonheating
264915,ct_natural_gas_mf
265280,southern_ct_gas_nonheating
266745,yankee_gas_heating
265984,null_gas_tariff
266085,null_gas_tariff
266950,ct_natural_gas_heating
267179,yankee_gas_mf
267480,null_gas_tariff
268518,ct_natural_gas_mf
268941,null_gas_tariff
268963,null_gas_tariff
273469,null_gas_tariff
27385,null_gas_tariff
273790,null_gas_tariff
276489,null_gas_tariff
276978,null_gas_tariff
277101,null_gas_tariff
277830,ct_natural_gas_mf
279061,ct_natural_gas_heating
280660,null_gas_tariff
279834,null_gas_tariff
281177,null_gas_tariff
281725,yankee_gas_mf
282665,ct_natural_gas_mf
284162,yankee_gas_mf
283499,ct_natural_gas_nonheating
284147,southern_ct_gas_mf
284251,null_gas_tariff
28444,yankee_gas_nonheating
284537,yankee_gas_heating
285136,null_gas_tariff
287398,southern_ct_gas_heating
288367,null_gas_tariff
288809,ct_natural_gas_mf
288697,yankee_gas_mf
28921,null_gas_tariff
289684,ct_natural_gas_nonheating
29012,southern_ct_gas_mf
289769,southern_ct_gas_mf
29127,southern_ct_gas_heating
291466,null_gas_tariff
291638,null_gas_tariff
292083,null_gas_tariff
294096,null_gas_tariff
294431,null_gas_tariff
294624,null_gas_tariff
296181,null_gas_tariff
297944,ct_natural_gas_heating
298137,null_gas_tariff
298341,null_gas_tariff
30010,southern_ct_gas_mf
30020,null_gas_tariff
300723,null_gas_tariff
301199,null_gas_tariff
302645,null_gas_tariff
303466,null_gas_tariff
30403,null_gas_tariff
304170,null_gas_tariff
303938,yankee_gas_heating
304436,null_gas_tariff
305165,null_gas_tariff
305571,null_gas_tariff
307525,yankee_gas_heating
307812,southern_ct_gas_heating
308557,ct_natural_gas_heating
308750,southern_ct_gas_nonheating
310144,null_gas_tariff
311027,southern_ct_gas_mf
311215,null_gas_tariff
311511,yankee_gas_nonheating
311711,null_gas_tariff
31168,null_gas_tariff
311915,ct_natural_gas_heating
312302,null_gas_tariff
313039,null_gas_tariff
314092,southern_ct_gas_mf
314882,null_gas_tariff
315840,southern_ct_gas_heating
315941,null_gas_tariff
316187,ct_natural_gas_heating
316463,null_gas_tariff
316418,null_gas_tariff
3165,null_gas_tariff
319249,null_gas_tariff
319808,null_gas_tariff
319853,null_gas_tariff
320188,ct_natural_gas_mf
320074,null_gas_tariff
320682,null_gas_tariff
32110,yankee_gas_heating
321439,yankee_gas_mf
321603,yankee_gas_mf
321480,yankee_gas_nonheating
322629,null_gas_tariff
322691,null_gas_tariff
323479,null_gas_tariff
324153,ct_natural_gas_mf
325223,yankee_gas_heating
325273,null_gas_tariff
325265,yankee_gas_heating
325787,southern_ct_gas_heating
326045,null_gas_tariff
326049,null_gas_tariff
32733,yankee_gas_nonheating
328947,ct_natural_gas_heating
329749,yankee_gas_nonheating
330117,null_gas_tariff
330795,ct_natural_gas_heating
330748,null_gas_tariff
331126,ct_natural_gas_mf
331581,null_gas_tariff
332830,null_gas_tariff
334170,yankee_gas_mf
334257,ct_natural_gas_heating
335324,ct_natural_gas_heating
335511,null_gas_tariff
336805,southern_ct_gas_nonheating
33802,southern_ct_gas_heating
33756,null_gas_tariff
338882,null_gas_tariff
338813,null_gas_tariff
339299,null_gas_tariff
341216,null_gas_tariff
341761,null_gas_tariff
342412,null_gas_tariff
342553,yankee_gas_heating
344139,yankee_gas_nonheating
344692,southern_ct_gas_mf
344757,null_gas_tariff
345015,yankee_gas_heating
34569,southern_ct_gas_mf
222293,southern_ct_gas_heating
222277,yankee_gas_mf
223232,southern_ct_gas_heating
223328,southern_ct_gas_nonheating
22333,southern_ct_gas_heating
223868,yankee_gas_mf
224901,yankee_gas_heating
225648,null_gas_tariff
226848,null_gas_tariff
227785,null_gas_tariff
22842,yankee_gas_heating
228449,null_gas_tariff
228782,yankee_gas_mf
229435,yankee_gas_heating
229772,null_gas_tariff
229795,southern_ct_gas_nonheating
230972,null_gas_tariff
232840,yankee_gas_heating
233043,yankee_gas_heating
233838,ct_natural_gas_heating
234407,null_gas_tariff
234600,null_gas_tariff
236716,yankee_gas_heating
2376,ct_natural_gas_heating
237722,null_gas_tariff
23785,null_gas_tariff
238190,yankee_gas_heating
238945,yankee_gas_heating
239590,null_gas_tariff
239802,null_gas_tariff
240166,null_gas_tariff
240509,southern_ct_gas_heating
240564,null_gas_tariff
240630,null_gas_tariff
242018,yankee_gas_heating
242992,null_gas_tariff
243924,null_gas_tariff
245285,null_gas_tariff
245307,null_gas_tariff
246414,yankee_gas_heating
246844,yankee_gas_heating
247002,southern_ct_gas_nonheating
247009,ct_natural_gas_heating
247034,null_gas_tariff
247683,ct_natural_gas_heating
248229,norwich_muni_general
248918,yankee_gas_heating
249700,ct_natural_gas_heating
249349,southern_ct_gas_heating
249989,null_gas_tariff
250608,southern_ct_gas_mf
252897,yankee_gas_mf
253223,null_gas_tariff
253841,null_gas_tariff
254036,null_gas_tariff
254746,null_gas_tariff
255390,ct_natural_gas_mf
255969,null_gas_tariff
257682,yankee_gas_mf
257424,null_gas_tariff
257399,null_gas_tariff
257843,null_gas_tariff
258342,null_gas_tariff
25836,null_gas_tariff
258860,null_gas_tariff
25909,yankee_gas_heating
25944,yankee_gas_heating
259915,southern_ct_gas_mf
260475,yankee_gas_nonheating
261614,yankee_gas_nonheating
262462,yankee_gas_heating
262661,yankee_gas_heating
263107,null_gas_tariff
263666,yankee_gas_heating
265493,null_gas_tariff
264949,southern_ct_gas_heating
266833,yankee_gas_heating
267057,yankee_gas_mf
267238,yankee_gas_mf
267742,ct_natural_gas_nonheating
267713,yankee_gas_heating
267940,null_gas_tariff
268203,yankee_gas_mf
268893,yankee_gas_nonheating
269197,yankee_gas_heating
270211,ct_natural_gas_mf
271241,null_gas_tariff
271401,null_gas_tariff
27158,yankee_gas_mf
272195,null_gas_tariff
272643,yankee_gas_heating
273834,ct_natural_gas_nonheating
274040,ct_natural_gas_heating
275297,null_gas_tariff
276590,yankee_gas_nonheating
277655,southern_ct_gas_heating
278775,ct_natural_gas_heating
279137,null_gas_tariff
280182,yankee_gas_heating
281821,null_gas_tariff
281756,ct_natural_gas_nonheating
282431,southern_ct_gas_heating
283240,yankee_gas_heating
283170,southern_ct_gas_mf
283518,null_gas_tariff
284076,yankee_gas_heating
285569,null_gas_tariff
284894,null_gas_tariff
284925,norwich_muni_general
286440,null_gas_tariff
286287,yankee_gas_heating
286987,southern_ct_gas_nonheating
286777,null_gas_tariff
287206,yankee_gas_heating
287245,yankee_gas_heating
288352,yankee_gas_heating
289326,yankee_gas_heating
289514,null_gas_tariff
290162,null_gas_tariff
290674,null_gas_tariff
290399,null_gas_tariff
290509,ct_natural_gas_heating
291008,ct_natural_gas_heating
291407,ct_natural_gas_heating
291808,null_gas_tariff
292528,yankee_gas_mf
293717,null_gas_tariff
294442,null_gas_tariff
294835,ct_natural_gas_nonheating
296427,null_gas_tariff
297195,yankee_gas_nonheating
297740,yankee_gas_nonheating
297901,null_gas_tariff
298072,norwich_muni_general
298456,yankee_gas_heating
29960,southern_ct_gas_heating
300239,yankee_gas_nonheating
3005,southern_ct_gas_heating
300832,southern_ct_gas_mf
300877,null_gas_tariff
301538,null_gas_tariff
30334,null_gas_tariff
304933,southern_ct_gas_heating
305611,southern_ct_gas_mf
306142,yankee_gas_nonheating
306652,null_gas_tariff
30835,yankee_gas_mf
308857,null_gas_tariff
308858,null_gas_tariff
308867,ct_natural_gas_mf
310115,ct_natural_gas_mf
310833,southern_ct_gas_nonheating
310594,ct_natural_gas_heating
310571,null_gas_tariff
311293,null_gas_tariff
311667,southern_ct_gas_heating
311729,yankee_gas_heating
312217,null_gas_tariff
311861,null_gas_tariff
31289,yankee_gas_heating
312400,southern_ct_gas_heating
312859,yankee_gas_heating
31469,null_gas_tariff
315166,null_gas_tariff
3154,null_gas_tariff
316309,southern_ct_gas_mf
316476,yankee_gas_mf
318066,null_gas_tariff
318154,null_gas_tariff
319010,southern_ct_gas_heating
319120,null_gas_tariff
321102,null_gas_tariff
321704,null_gas_tariff
322467,null_gas_tariff
323128,southern_ct_gas_mf
323431,ct_natural_gas_nonheating
323811,null_gas_tariff
324303,null_gas_tariff
324555,ct_natural_gas_mf
324312,null_gas_tariff
324722,ct_natural_gas_nonheating
324787,null_gas_tariff
324957,yankee_gas_mf
325241,yankee_gas_nonheating
326141,southern_ct_gas_heating
32659,null_gas_tariff
327305,southern_ct_gas_nonheating
327151,null_gas_tariff
328324,null_gas_tariff
329319,null_gas_tariff
329282,null_gas_tariff
329852,yankee_gas_mf
329865,null_gas_tariff
330826,southern_ct_gas_heating
33175,null_gas_tariff
332638,yankee_gas_nonheating
332434,null_gas_tariff
333328,yankee_gas_heating
333546,null_gas_tariff
334532,null_gas_tariff
334796,null_gas_tariff
335414,southern_ct_gas_nonheating
335915,yankee_gas_heating
336113,yankee_gas_mf
336101,null_gas_tariff
336099,yankee_gas_heating
33656,null_gas_tariff
336599,null_gas_tariff
337197,ct_natural_gas_mf
338286,null_gas_tariff
338356,ct_natural_gas_heating
338527,null_gas_tariff
339142,yankee_gas_nonheating
339367,null_gas_tariff
339605,yankee_gas_heating
340179,null_gas_tariff
339991,yankee_gas_heating
34047,yankee_gas_heating
340686,ct_natural_gas_mf
340707,ct_natural_gas_heating
341314,null_gas_tariff
341042,null_gas_tariff
34246,yankee_gas_heating
342719,null_gas_tariff
342568,null_gas_tariff
343396,yankee_gas_heating
343123,null_gas_tariff
344355,yankee_gas_heating
344643,norwich_muni_general
344965,ct_natural_gas_heating
344988,null_gas_tariff
345352,yankee_gas_heating
346980,ct_natural_gas_heating
346546,null_gas_tariff
345863,null_gas_tariff
346923,null_gas_tariff
348539,yankee_gas_heating
34968,null_gas_tariff
349192,null_gas_tariff
34918,yankee_gas_nonheating
349937,null_gas_tariff
350971,yankee_gas_heating
349966,null_gas_tariff
349743,yankee_gas_heating
351306,yankee_gas_mf
352646,null_gas_tariff
353401,yankee_gas_mf
354209,yankee_gas_heating
354854,null_gas_tariff
354846,norwich_muni_general
354412,southern_ct_gas_heating
355528,null_gas_tariff
355276,null_gas_tariff
35534,yankee_gas_nonheating
356752,yankee_gas_heating
357001,null_gas_tariff
358191,null_gas_tariff
358880,ct_natural_gas_heating
359410,null_gas_tariff
360869,null_gas_tariff
360945,null_gas_tariff
361019,ct_natural_gas_heating
361929,null_gas_tariff
362858,null_gas_tariff
363022,null_gas_tariff
363685,yankee_gas_heating
36388,null_gas_tariff
364122,null_gas_tariff
365984,southern_ct_gas_heating
367025,null_gas_tariff
367096,yankee_gas_mf
367696,southern_ct_gas_mf
367759,null_gas_tariff
368146,null_gas_tariff
369473,null_gas_tariff
370741,null_gas_tariff
370876,yankee_gas_mf
371649,ct_natural_gas_heating
372098,ct_natural_gas_heating
37201,null_gas_tariff
372485,yankee_gas_mf
372736,null_gas_tariff
372830,null_gas_tariff
373194,null_gas_tariff
373683,yankee_gas_heating
373956,ct_natural_gas_mf
374858,yankee_gas_heating
374909,southern_ct_gas_heating
375349,yankee_gas_mf
375754,null_gas_tariff
376346,yankee_gas_mf
376553,southern_ct_gas_nonheating
376742,null_gas_tariff
378152,southern_ct_gas_nonheating
378273,null_gas_tariff
379843,null_gas_tariff
380039,southern_ct_gas_heating
380058,southern_ct_gas_nonheating
380175,null_gas_tariff
381913,null_gas_tariff
382113,null_gas_tariff
384391,null_gas_tariff
383535,null_gas_tariff
384477,null_gas_tariff
38464,null_gas_tariff
385141,null_gas_tariff
386461,null_gas_tariff
386156,yankee_gas_heating
387012,ct_natural_gas_heating
387280,yankee_gas_heating
387637,southern_ct_gas_mf
387630,ct_natural_gas_mf
387964,null_gas_tariff
388190,null_gas_tariff
38824,null_gas_tariff
389179,null_gas_tariff
389753,null_gas_tariff
391422,null_gas_tariff
392290,ct_natural_gas_nonheating
392680,ct_natural_gas_nonheating
392625,null_gas_tariff
393034,ct_natural_gas_heating
39292,null_gas_tariff
394093,yankee_gas_nonheating
394835,yankee_gas_nonheating
395081,null_gas_tariff
395100,null_gas_tariff
395520,null_gas_tariff
395583,ct_natural_gas_nonheating
395762,null_gas_tariff
396910,southern_ct_gas_heating
398296,null_gas_tariff
398195,ct_natural_gas_mf
398093,null_gas_tariff
399590,yankee_gas_nonheating
401487,null_gas_tariff
402180,null_gas_tariff
402480,null_gas_tariff
4025,null_gas_tariff
40390,southern_ct_gas_heating
404078,southern_ct_gas_nonheating
404459,yankee_gas_nonheating
404969,southern_ct_gas_heating
405059,null_gas_tariff
405100,null_gas_tariff
404715,null_gas_tariff
406197,null_gas_tariff
406990,null_gas_tariff
408535,null_gas_tariff
408682,null_gas_tariff
408812,null_gas_tariff
409480,null_gas_tariff
409981,null_gas_tariff
40980,southern_ct_gas_heating
412450,yankee_gas_heating
412719,ct_natural_gas_heating
414167,null_gas_tariff
415266,null_gas_tariff
415402,yankee_gas_heating
416179,null_gas_tariff
41696,yankee_gas_nonheating
417110,null_gas_tariff
418596,null_gas_tariff
4184,null_gas_tariff
418337,null_gas_tariff
41739,null_gas_tariff
419237,southern_ct_gas_heating
419207,null_gas_tariff
419573,null_gas_tariff
422044,southern_ct_gas_mf
421032,yankee_gas_mf
421364,null_gas_tariff
422243,yankee_gas_nonheating
422295,southern_ct_gas_mf
422428,yankee_gas_nonheating
422960,null_gas_tariff
422492,ct_natural_gas_heating
423277,null_gas_tariff
424280,null_gas_tariff
424401,null_gas_tariff
424572,null_gas_tariff
424701,null_gas_tariff
425831,null_gas_tariff
426200,null_gas_tariff
425849,null_gas_tariff
426274,null_gas_tariff
426522,yankee_gas_nonheating
426464,null_gas_tariff
427507,null_gas_tariff
429064,southern_ct_gas_heating
429335,yankee_gas_heating
429365,null_gas_tariff
429431,null_gas_tariff
429768,null_gas_tariff
429946,yankee_gas_mf
431784,null_gas_tariff
431949,yankee_gas_nonheating
43359,southern_ct_gas_heating
434182,yankee_gas_heating
433008,yankee_gas_nonheating
435064,southern_ct_gas_heating
435263,ct_natural_gas_nonheating
435778,yankee_gas_mf
436622,null_gas_tariff
437649,null_gas_tariff
438146,null_gas_tariff
438671,southern_ct_gas_heating
438283,null_gas_tariff
438970,ct_natural_gas_heating
440102,null_gas_tariff
440247,null_gas_tariff
440502,yankee_gas_mf
441017,null_gas_tariff
441434,null_gas_tariff
441708,null_gas_tariff
442434,null_gas_tariff
44292,null_gas_tariff
443848,ct_natural_gas_mf
44370,ct_natural_gas_mf
444551,null_gas_tariff
445350,null_gas_tariff
444690,null_gas_tariff
444882,southern_ct_gas_heating
446435,southern_ct_gas_mf
446641,null_gas_tariff
448947,yankee_gas_mf
4492,null_gas_tariff
449676,null_gas_tariff
449376,null_gas_tariff
450243,null_gas_tariff
450553,yankee_gas_nonheating
451699,null_gas_tariff
451888,ct_natural_gas_nonheating
452661,yankee_gas_mf
452740,yankee_gas_nonheating
452940,ct_natural_gas_heating
453817,yankee_gas_mf
453705,ct_natural_gas_heating
454683,null_gas_tariff
455241,null_gas_tariff
455532,null_gas_tariff
458479,null_gas_tariff
45971,ct_natural_gas_mf
461448,yankee_gas_heating
461509,southern_ct_gas_nonheating
462705,null_gas_tariff
462432,ct_natural_gas_heating
463167,null_gas_tariff
466560,null_gas_tariff
466791,null_gas_tariff
466957,yankee_gas_nonheating
469143,null_gas_tariff
469812,yankee_gas_heating
470504,southern_ct_gas_nonheating
470466,yankee_gas_nonheating
34832,null_gas_tariff
348631,ct_natural_gas_heating
351701,null_gas_tariff
351883,ct_natural_gas_heating
352514,null_gas_tariff
352952,ct_natural_gas_nonheating
353972,null_gas_tariff
3541,yankee_gas_nonheating
354241,null_gas_tariff
354690,southern_ct_gas_nonheating
354610,null_gas_tariff
357505,null_gas_tariff
357958,null_gas_tariff
35861,ct_natural_gas_heating
358363,yankee_gas_heating
358936,yankee_gas_mf
359327,ct_natural_gas_mf
361533,null_gas_tariff
36195,null_gas_tariff
362768,yankee_gas_nonheating
363886,null_gas_tariff
364125,southern_ct_gas_mf
364156,null_gas_tariff
364281,yankee_gas_heating
365021,null_gas_tariff
365114,yankee_gas_mf
36577,yankee_gas_mf
365945,null_gas_tariff
367320,ct_natural_gas_heating
367796,southern_ct_gas_heating
367868,yankee_gas_nonheating
368774,null_gas_tariff
369885,ct_natural_gas_heating
369876,ct_natural_gas_heating
369932,yankee_gas_heating
371827,yankee_gas_heating
37196,yankee_gas_mf
371903,yankee_gas_nonheating
372128,null_gas_tariff
37236,southern_ct_gas_heating
372571,null_gas_tariff
372478,null_gas_tariff
37479,null_gas_tariff
375689,null_gas_tariff
376097,null_gas_tariff
376625,yankee_gas_mf
377726,yankee_gas_mf
378440,null_gas_tariff
378659,null_gas_tariff
378832,yankee_gas_heating
379198,southern_ct_gas_nonheating
380081,yankee_gas_heating
37993,yankee_gas_mf
380642,null_gas_tariff
38046,ct_natural_gas_heating
381549,yankee_gas_heating
381275,ct_natural_gas_nonheating
381912,null_gas_tariff
381989,null_gas_tariff
383106,null_gas_tariff
384475,ct_natural_gas_heating
38423,ct_natural_gas_heating
384795,southern_ct_gas_heating
386083,null_gas_tariff
386008,null_gas_tariff
385856,null_gas_tariff
386443,yankee_gas_mf
386481,null_gas_tariff
386536,null_gas_tariff
386773,yankee_gas_nonheating
386656,null_gas_tariff
38697,yankee_gas_nonheating
387384,yankee_gas_nonheating
389787,southern_ct_gas_mf
391475,null_gas_tariff
391901,null_gas_tariff
392788,null_gas_tariff
392872,ct_natural_gas_mf
392987,yankee_gas_nonheating
393300,yankee_gas_heating
39461,yankee_gas_heating
395296,null_gas_tariff
395273,ct_natural_gas_heating
396413,ct_natural_gas_nonheating
395566,yankee_gas_heating
395985,null_gas_tariff
396528,null_gas_tariff
396580,southern_ct_gas_nonheating
396968,yankee_gas_mf
397261,yankee_gas_mf
397988,null_gas_tariff
398073,null_gas_tariff
397830,southern_ct_gas_heating
398582,yankee_gas_mf
398610,southern_ct_gas_mf
398785,null_gas_tariff
399175,null_gas_tariff
399849,yankee_gas_heating
399645,null_gas_tariff
400197,null_gas_tariff
400163,null_gas_tariff
400694,null_gas_tariff
400851,null_gas_tariff
401878,null_gas_tariff
404099,null_gas_tariff
404287,southern_ct_gas_mf
405147,yankee_gas_heating
405264,null_gas_tariff
406111,null_gas_tariff
406166,null_gas_tariff
406372,null_gas_tariff
407449,yankee_gas_heating
40750,null_gas_tariff
407848,null_gas_tariff
408458,null_gas_tariff
408796,null_gas_tariff
410253,null_gas_tariff
410412,null_gas_tariff
410466,null_gas_tariff
410555,null_gas_tariff
411577,yankee_gas_nonheating
41298,yankee_gas_heating
414313,null_gas_tariff
415592,null_gas_tariff
415577,ct_natural_gas_heating
416365,ct_natural_gas_nonheating
417089,southern_ct_gas_heating
417714,null_gas_tariff
41853,ct_natural_gas_heating
418874,ct_natural_gas_heating
418808,null_gas_tariff
418864,null_gas_tariff
420215,null_gas_tariff
419620,null_gas_tariff
420246,null_gas_tariff
421245,southern_ct_gas_mf
421084,null_gas_tariff
421233,null_gas_tariff
420795,southern_ct_gas_mf
422143,ct_natural_gas_heating
423361,yankee_gas_heating
423839,southern_ct_gas_mf
425160,yankee_gas_mf
425742,null_gas_tariff
425535,yankee_gas_heating
425476,null_gas_tariff
424819,null_gas_tariff
426731,yankee_gas_nonheating
427401,yankee_gas_mf
427261,null_gas_tariff
427181,null_gas_tariff
4275,southern_ct_gas_nonheating
428595,null_gas_tariff
428852,null_gas_tariff
429590,null_gas_tariff
429606,ct_natural_gas_heating
429647,null_gas_tariff
430962,null_gas_tariff
431915,yankee_gas_mf
432077,null_gas_tariff
432173,null_gas_tariff
433495,null_gas_tariff
433001,ct_natural_gas_heating
433531,southern_ct_gas_heating
434609,null_gas_tariff
434822,yankee_gas_heating
435536,null_gas_tariff
435437,null_gas_tariff
436974,southern_ct_gas_heating
43941,southern_ct_gas_heating
44052,yankee_gas_nonheating
439904,ct_natural_gas_heating
440596,null_gas_tariff
440914,yankee_gas_nonheating
442387,null_gas_tariff
442187,southern_ct_gas_mf
442306,null_gas_tariff
444132,null_gas_tariff
443644,yankee_gas_heating
444274,null_gas_tariff
444331,ct_natural_gas_mf
444682,southern_ct_gas_nonheating
445503,null_gas_tariff
445641,null_gas_tariff
44562,null_gas_tariff
445773,null_gas_tariff
446647,southern_ct_gas_heating
447710,yankee_gas_mf
448734,null_gas_tariff
449060,yankee_gas_mf
44983,southern_ct_gas_mf
450794,null_gas_tariff
450863,yankee_gas_heating
451447,null_gas_tariff
451538,null_gas_tariff
45173,yankee_gas_nonheating
451605,yankee_gas_mf
451839,null_gas_tariff
453304,ct_natural_gas_nonheating
452977,yankee_gas_nonheating
453942,southern_ct_gas_heating
455280,null_gas_tariff
455178,southern_ct_gas_heating
455479,southern_ct_gas_heating
455971,yankee_gas_nonheating
45589,ct_natural_gas_heating
456103,null_gas_tariff
458348,ct_natural_gas_nonheating
459216,ct_natural_gas_nonheating
459393,null_gas_tariff
459811,null_gas_tariff
461736,yankee_gas_mf
462583,null_gas_tariff
462689,null_gas_tariff
462968,null_gas_tariff
463508,null_gas_tariff
46384,null_gas_tariff
46424,yankee_gas_heating
464296,southern_ct_gas_heating
464606,null_gas_tariff
467445,yankee_gas_heating
467723,null_gas_tariff
467830,ct_natural_gas_heating
468247,null_gas_tariff
468233,ct_natural_gas_nonheating
468578,null_gas_tariff
46946,yankee_gas_nonheating
470066,null_gas_tariff
470038,southern_ct_gas_nonheating
470125,yankee_gas_heating
470072,null_gas_tariff
470340,null_gas_tariff
347846,null_gas_tariff
348572,yankee_gas_heating
349049,null_gas_tariff
34990,southern_ct_gas_heating
350702,null_gas_tariff
350407,null_gas_tariff
351878,null_gas_tariff
351414,yankee_gas_nonheating
351676,null_gas_tariff
352143,yankee_gas_heating
353481,ct_natural_gas_heating
354094,ct_natural_gas_mf
354905,null_gas_tariff
355452,null_gas_tariff
355741,ct_natural_gas_heating
356159,null_gas_tariff
356196,null_gas_tariff
356635,yankee_gas_heating
356964,null_gas_tariff
357592,southern_ct_gas_heating
358270,southern_ct_gas_mf
35840,null_gas_tariff
359335,ct_natural_gas_heating
360828,yankee_gas_mf
360551,yankee_gas_heating
362142,yankee_gas_heating
362911,null_gas_tariff
363300,ct_natural_gas_heating
363266,ct_natural_gas_heating
363309,null_gas_tariff
363729,ct_natural_gas_heating
363626,null_gas_tariff
363921,southern_ct_gas_heating
363956,ct_natural_gas_heating
364142,null_gas_tariff
364174,null_gas_tariff
364356,yankee_gas_mf
364713,null_gas_tariff
365579,null_gas_tariff
366781,yankee_gas_nonheating
366762,null_gas_tariff
366960,yankee_gas_heating
366920,ct_natural_gas_nonheating
366916,null_gas_tariff
367624,southern_ct_gas_heating
3680,ct_natural_gas_heating
368310,ct_natural_gas_heating
368288,yankee_gas_nonheating
36856,ct_natural_gas_heating
368741,southern_ct_gas_mf
370530,null_gas_tariff
370969,null_gas_tariff
370840,null_gas_tariff
371984,ct_natural_gas_heating
372147,null_gas_tariff
372529,null_gas_tariff
372677,southern_ct_gas_heating
375118,null_gas_tariff
37601,null_gas_tariff
376122,null_gas_tariff
37648,null_gas_tariff
376960,ct_natural_gas_heating
377552,null_gas_tariff
378211,southern_ct_gas_nonheating
378515,ct_natural_gas_heating
378844,null_gas_tariff
379973,null_gas_tariff
38051,southern_ct_gas_heating
380283,null_gas_tariff
380932,null_gas_tariff
381424,null_gas_tariff
38142,ct_natural_gas_heating
382846,null_gas_tariff
384401,southern_ct_gas_mf
386939,null_gas_tariff
386668,southern_ct_gas_heating
387454,null_gas_tariff
388184,southern_ct_gas_mf
389503,southern_ct_gas_heating
390377,southern_ct_gas_nonheating
390756,null_gas_tariff
391048,ct_natural_gas_heating
391030,null_gas_tariff
392014,yankee_gas_nonheating
392065,ct_natural_gas_mf
392577,null_gas_tariff
39252,ct_natural_gas_heating
393672,ct_natural_gas_mf
394663,yankee_gas_heating
394460,ct_natural_gas_mf
395189,null_gas_tariff
395341,null_gas_tariff
395471,yankee_gas_mf
395638,ct_natural_gas_heating
39627,norwich_muni_general
396445,null_gas_tariff
395953,null_gas_tariff
397389,ct_natural_gas_heating
39749,ct_natural_gas_mf
39750,ct_natural_gas_heating
397518,yankee_gas_heating
398310,null_gas_tariff
401808,yankee_gas_heating
401111,southern_ct_gas_heating
401814,null_gas_tariff
404054,yankee_gas_heating
404670,null_gas_tariff
40503,null_gas_tariff
405051,null_gas_tariff
40624,null_gas_tariff
406897,null_gas_tariff
408568,null_gas_tariff
408644,southern_ct_gas_mf
408920,yankee_gas_mf
41021,southern_ct_gas_heating
411184,null_gas_tariff
411749,null_gas_tariff
412658,ct_natural_gas_mf
412808,null_gas_tariff
412909,null_gas_tariff
413098,ct_natural_gas_nonheating
414202,southern_ct_gas_nonheating
413869,southern_ct_gas_nonheating
414552,null_gas_tariff
41654,yankee_gas_heating
417128,yankee_gas_heating
418294,yankee_gas_heating
41871,southern_ct_gas_heating
419321,null_gas_tariff
420487,null_gas_tariff
421298,null_gas_tariff
422089,yankee_gas_heating
422218,southern_ct_gas_nonheating
422754,null_gas_tariff
423425,southern_ct_gas_heating
423330,null_gas_tariff
42412,yankee_gas_heating
423800,ct_natural_gas_heating
423805,null_gas_tariff
424163,null_gas_tariff
424150,yankee_gas_nonheating
425189,null_gas_tariff
425390,yankee_gas_mf
424934,ct_natural_gas_heating
426127,yankee_gas_nonheating
426618,null_gas_tariff
427101,null_gas_tariff
427192,yankee_gas_heating
428866,yankee_gas_mf
429563,null_gas_tariff
430754,ct_natural_gas_nonheating
431265,null_gas_tariff
432525,null_gas_tariff
433647,yankee_gas_heating
434410,southern_ct_gas_mf
436266,yankee_gas_heating
435832,yankee_gas_nonheating
43585,null_gas_tariff
438090,null_gas_tariff
438538,null_gas_tariff
438211,null_gas_tariff
438807,yankee_gas_heating
439024,null_gas_tariff
439139,yankee_gas_nonheating
441053,null_gas_tariff
442203,null_gas_tariff
442274,null_gas_tariff
44270,null_gas_tariff
442875,null_gas_tariff
443583,null_gas_tariff
444253,yankee_gas_mf
445573,null_gas_tariff
447107,yankee_gas_heating
44772,yankee_gas_heating
448708,null_gas_tariff
449534,yankee_gas_heating
450305,null_gas_tariff
450463,ct_natural_gas_heating
451143,null_gas_tariff
451425,null_gas_tariff
451996,yankee_gas_heating
452885,null_gas_tariff
453341,ct_natural_gas_mf
452982,null_gas_tariff
454748,null_gas_tariff
457572,southern_ct_gas_mf
458842,null_gas_tariff
459169,ct_natural_gas_mf
458949,null_gas_tariff
459282,yankee_gas_heating
459622,null_gas_tariff
459901,yankee_gas_heating
459979,null_gas_tariff
462858,null_gas_tariff
46316,null_gas_tariff
463434,null_gas_tariff
463648,null_gas_tariff
463534,null_gas_tariff
464196,yankee_gas_mf
464573,null_gas_tariff
464732,ct_natural_gas_heating
464679,null_gas_tariff
464901,null_gas_tariff
465211,null_gas_tariff
465998,yankee_gas_mf
465633,yankee_gas_nonheating
466938,null_gas_tariff
466927,null_gas_tariff
467556,null_gas_tariff
46808,ct_natural_gas_heating
468970,southern_ct_gas_heating
469342,ct_natural_gas_heating
470663,yankee_gas_nonheating
470584,yankee_gas_heating
346190,null_gas_tariff
346111,null_gas_tariff
347101,ct_natural_gas_heating
34869,null_gas_tariff
348692,yankee_gas_nonheating
348722,ct_natural_gas_heating
349315,null_gas_tariff
350044,null_gas_tariff
350167,null_gas_tariff
351703,yankee_gas_mf
351891,null_gas_tariff
352162,null_gas_tariff
353154,yankee_gas_nonheating
354115,null_gas_tariff
354362,null_gas_tariff
354479,null_gas_tariff
354779,ct_natural_gas_mf
355513,southern_ct_gas_heating
355524,yankee_gas_nonheating
355296,ct_natural_gas_heating
355590,yankee_gas_mf
355805,yankee_gas_heating
355922,null_gas_tariff
35658,ct_natural_gas_heating
35680,southern_ct_gas_mf
358115,null_gas_tariff
360373,null_gas_tariff
360991,null_gas_tariff
363928,yankee_gas_heating
364523,southern_ct_gas_heating
364547,null_gas_tariff
365778,yankee_gas_heating
366356,yankee_gas_nonheating
368492,null_gas_tariff
368655,ct_natural_gas_heating
368521,null_gas_tariff
369627,yankee_gas_nonheating
369704,yankee_gas_heating
369753,yankee_gas_mf
369980,null_gas_tariff
370264,null_gas_tariff
370733,null_gas_tariff
37084,ct_natural_gas_mf
370535,null_gas_tariff
370922,yankee_gas_heating
371306,null_gas_tariff
370970,null_gas_tariff
371914,null_gas_tariff
371922,yankee_gas_mf
372222,yankee_gas_heating
37269,null_gas_tariff
373113,null_gas_tariff
372954,southern_ct_gas_heating
374158,ct_natural_gas_heating
374441,null_gas_tariff
375050,yankee_gas_heating
375474,null_gas_tariff
376228,null_gas_tariff
376101,null_gas_tariff
376462,null_gas_tariff
376626,null_gas_tariff
376629,ct_natural_gas_nonheating
378545,null_gas_tariff
378747,southern_ct_gas_nonheating
379629,yankee_gas_mf
38032,yankee_gas_heating
38122,southern_ct_gas_heating
382597,southern_ct_gas_mf
383008,null_gas_tariff
383227,southern_ct_gas_nonheating
383417,ct_natural_gas_mf
384627,yankee_gas_nonheating
386117,null_gas_tariff
38654,southern_ct_gas_mf
387123,ct_natural_gas_heating
387714,null_gas_tariff
387277,ct_natural_gas_heating
387751,null_gas_tariff
388109,null_gas_tariff
388469,ct_natural_gas_heating
390642,null_gas_tariff
39084,yankee_gas_mf
391357,null_gas_tariff
391578,ct_natural_gas_mf
391602,null_gas_tariff
391612,null_gas_tariff
392054,ct_natural_gas_heating
392141,yankee_gas_nonheating
392310,null_gas_tariff
393355,ct_natural_gas_heating
393590,null_gas_tariff
394101,null_gas_tariff
395002,null_gas_tariff
396659,null_gas_tariff
398557,null_gas_tariff
39862,yankee_gas_heating
398794,yankee_gas_nonheating
398637,null_gas_tariff
398961,null_gas_tariff
399111,null_gas_tariff
399139,yankee_gas_heating
399483,yankee_gas_mf
399724,null_gas_tariff
399525,yankee_gas_heating
400217,ct_natural_gas_heating
400567,null_gas_tariff
400746,null_gas_tariff
400914,ct_natural_gas_nonheating
400806,southern_ct_gas_heating
401767,southern_ct_gas_heating
40151,null_gas_tariff
401258,yankee_gas_heating
401641,yankee_gas_heating
402346,southern_ct_gas_heating
402569,yankee_gas_heating
403554,southern_ct_gas_heating
40355,southern_ct_gas_heating
407141,yankee_gas_mf
40760,null_gas_tariff
407385,null_gas_tariff
407636,null_gas_tariff
409096,yankee_gas_mf
410069,null_gas_tariff
412269,southern_ct_gas_heating
41275,southern_ct_gas_heating
413621,null_gas_tariff
413311,ct_natural_gas_heating
414703,ct_natural_gas_heating
414935,southern_ct_gas_mf
415966,ct_natural_gas_heating
416144,null_gas_tariff
417109,yankee_gas_heating
4174,ct_natural_gas_nonheating
417405,null_gas_tariff
41856,null_gas_tariff
419298,null_gas_tariff
419331,ct_natural_gas_heating
419677,yankee_gas_mf
420474,yankee_gas_heating
420746,yankee_gas_nonheating
421546,null_gas_tariff
421386,yankee_gas_nonheating
423963,southern_ct_gas_mf
425521,ct_natural_gas_heating
426326,yankee_gas_nonheating
427703,null_gas_tariff
427829,ct_natural_gas_nonheating
427998,yankee_gas_heating
429137,null_gas_tariff
429509,null_gas_tariff
430722,null_gas_tariff
4302,ct_natural_gas_heating
431114,null_gas_tariff
43096,null_gas_tariff
431483,null_gas_tariff
431614,ct_natural_gas_mf
431673,southern_ct_gas_heating
434285,null_gas_tariff
434483,null_gas_tariff
434670,ct_natural_gas_heating
435576,null_gas_tariff
436129,null_gas_tariff
435727,null_gas_tariff
436888,southern_ct_gas_heating
436830,null_gas_tariff
437068,null_gas_tariff
438705,ct_natural_gas_nonheating
438432,null_gas_tariff
440365,yankee_gas_heating
440996,southern_ct_gas_heating
441634,yankee_gas_heating
441679,null_gas_tariff
442632,yankee_gas_mf
442655,ct_natural_gas_mf
445274,null_gas_tariff
446358,null_gas_tariff
446844,ct_natural_gas_heating
447191,null_gas_tariff
448483,ct_natural_gas_mf
44839,yankee_gas_mf
449294,yankee_gas_heating
449707,yankee_gas_nonheating
449166,null_gas_tariff
450335,null_gas_tariff
449972,null_gas_tariff
451442,ct_natural_gas_heating
452463,yankee_gas_mf
452470,southern_ct_gas_mf
454450,ct_natural_gas_heating
454094,null_gas_tariff
454389,null_gas_tariff
454794,null_gas_tariff
454697,null_gas_tariff
455015,yankee_gas_nonheating
456455,null_gas_tariff
456568,null_gas_tariff
457069,null_gas_tariff
458233,null_gas_tariff
458835,yankee_gas_heating
458993,yankee_gas_nonheating
459199,southern_ct_gas_heating
459404,null_gas_tariff
459686,yankee_gas_mf
460454,yankee_gas_mf
461038,null_gas_tariff
460731,null_gas_tariff
463664,ct_natural_gas_mf
463827,null_gas_tariff
464184,null_gas_tariff
464494,null_gas_tariff
464462,yankee_gas_heating
46489,yankee_gas_mf
464659,null_gas_tariff
46519,yankee_gas_nonheating
464951,null_gas_tariff
466232,southern_ct_gas_nonheating
466200,null_gas_tariff
467582,null_gas_tariff
467685,yankee_gas_mf
467782,yankee_gas_heating
468052,ct_natural_gas_mf
468575,null_gas_tariff
469372,null_gas_tariff
469054,ct_natural_gas_heating
469433,ct_natural_gas_mf
470065,yankee_gas_mf
470503,yankee_gas_nonheating
101537,null_gas_tariff
100366,null_gas_tariff
100540,null_gas_tariff
103158,ct_natural_gas_heating
107184,null_gas_tariff
107961,yankee_gas_heating
108209,ct_natural_gas_heating
108154,yankee_gas_heating
110154,null_gas_tariff
112550,ct_natural_gas_heating
11074,yankee_gas_nonheating
113506,null_gas_tariff
113670,southern_ct_gas_heating
114385,null_gas_tariff
114727,yankee_gas_mf
115827,null_gas_tariff
116156,southern_ct_gas_heating
116644,null_gas_tariff
116503,yankee_gas_nonheating
116537,null_gas_tariff
118062,yankee_gas_nonheating
117949,yankee_gas_heating
118110,southern_ct_gas_heating
11837,southern_ct_gas_heating
119363,yankee_gas_mf
121510,null_gas_tariff
122567,null_gas_tariff
1233,null_gas_tariff
123138,null_gas_tariff
122986,null_gas_tariff
122421,yankee_gas_heating
123593,ct_natural_gas_mf
123731,null_gas_tariff
123848,null_gas_tariff
123755,null_gas_tariff
125295,null_gas_tariff
125327,null_gas_tariff
126281,yankee_gas_heating
127303,null_gas_tariff
12771,ct_natural_gas_heating
130986,null_gas_tariff
131784,southern_ct_gas_heating
132458,yankee_gas_nonheating
133083,null_gas_tariff
134240,yankee_gas_heating
134233,null_gas_tariff
134461,yankee_gas_nonheating
135247,null_gas_tariff
137576,null_gas_tariff
140041,southern_ct_gas_heating
14108,ct_natural_gas_heating
141865,yankee_gas_heating
141585,null_gas_tariff
142309,null_gas_tariff
142551,null_gas_tariff
142637,null_gas_tariff
144559,null_gas_tariff
144492,null_gas_tariff
146623,null_gas_tariff
147973,null_gas_tariff
148789,null_gas_tariff
149118,null_gas_tariff
149698,southern_ct_gas_nonheating
149789,yankee_gas_nonheating
150419,null_gas_tariff
150542,null_gas_tariff
151079,null_gas_tariff
15092,yankee_gas_heating
152628,null_gas_tariff
153024,yankee_gas_mf
15333,null_gas_tariff
154304,yankee_gas_nonheating
155082,yankee_gas_heating
155186,null_gas_tariff
155445,yankee_gas_nonheating
155461,ct_natural_gas_heating
155618,null_gas_tariff
155495,southern_ct_gas_heating
156423,southern_ct_gas_mf
156273,yankee_gas_mf
157101,null_gas_tariff
15784,null_gas_tariff
157501,yankee_gas_mf
157426,southern_ct_gas_heating
157709,null_gas_tariff
157844,null_gas_tariff
15805,null_gas_tariff
158835,ct_natural_gas_heating
160218,null_gas_tariff
160258,ct_natural_gas_mf
160713,yankee_gas_heating
161057,null_gas_tariff
164086,null_gas_tariff
164330,yankee_gas_heating
16458,null_gas_tariff
164847,null_gas_tariff
166055,yankee_gas_heating
165585,ct_natural_gas_heating
166544,null_gas_tariff
167028,southern_ct_gas_heating
167564,yankee_gas_mf
167366,yankee_gas_mf
167583,null_gas_tariff
168183,null_gas_tariff
168337,yankee_gas_mf
168816,southern_ct_gas_heating
170021,null_gas_tariff
171838,null_gas_tariff
173926,ct_natural_gas_mf
172850,yankee_gas_heating
174372,yankee_gas_nonheating
17456,ct_natural_gas_heating
176963,null_gas_tariff
177756,yankee_gas_heating
178062,null_gas_tariff
178669,null_gas_tariff
179383,null_gas_tariff
180312,null_gas_tariff
180941,southern_ct_gas_heating
181849,null_gas_tariff
183084,null_gas_tariff
182730,null_gas_tariff
183595,yankee_gas_mf
183822,null_gas_tariff
184172,null_gas_tariff
184457,null_gas_tariff
185475,southern_ct_gas_heating
185627,yankee_gas_heating
185590,yankee_gas_mf
187198,southern_ct_gas_heating
187372,null_gas_tariff
188641,null_gas_tariff
188598,southern_ct_gas_heating
189285,null_gas_tariff
189917,null_gas_tariff
190608,yankee_gas_nonheating
19111,null_gas_tariff
191793,null_gas_tariff
191944,yankee_gas_heating
192143,southern_ct_gas_heating
192807,yankee_gas_heating
193975,southern_ct_gas_mf
194587,southern_ct_gas_heating
196174,null_gas_tariff
197242,null_gas_tariff
197325,null_gas_tariff
197476,yankee_gas_heating
198211,null_gas_tariff
198339,ct_natural_gas_heating
198362,null_gas_tariff
198578,southern_ct_gas_heating
199144,null_gas_tariff
199547,yankee_gas_nonheating
199994,southern_ct_gas_nonheating
200504,null_gas_tariff
201019,yankee_gas_mf
201713,null_gas_tariff
201522,ct_natural_gas_mf
20203,yankee_gas_nonheating
202660,null_gas_tariff
203802,null_gas_tariff
203584,yankee_gas_heating
203770,null_gas_tariff
205970,null_gas_tariff
206499,null_gas_tariff
207683,southern_ct_gas_mf
20853,null_gas_tariff
210755,southern_ct_gas_mf
210753,null_gas_tariff
211296,southern_ct_gas_heating
210887,null_gas_tariff
211,yankee_gas_heating
211338,null_gas_tariff
211466,null_gas_tariff
211994,southern_ct_gas_heating
212274,null_gas_tariff
212525,null_gas_tariff
212633,null_gas_tariff
212951,ct_natural_gas_mf
212754,ct_natural_gas_mf
214531,ct_natural_gas_nonheating
213885,null_gas_tariff
213975,ct_natural_gas_heating
2159,null_gas_tariff
217273,null_gas_tariff
217492,null_gas_tariff
219042,yankee_gas_mf
219771,null_gas_tariff
219916,ct_natural_gas_mf
22039,null_gas_tariff
220253,null_gas_tariff
221053,null_gas_tariff
221745,null_gas_tariff
100957,yankee_gas_heating
101091,yankee_gas_nonheating
10324,ct_natural_gas_heating
100057,yankee_gas_heating
100927,southern_ct_gas_mf
101749,southern_ct_gas_nonheating
104574,yankee_gas_mf
101832,null_gas_tariff
105564,yankee_gas_heating
105576,null_gas_tariff
105152,ct_natural_gas_heating
106399,null_gas_tariff
107885,null_gas_tariff
105821,yankee_gas_mf
108307,null_gas_tariff
107878,southern_ct_gas_heating
106008,null_gas_tariff
11040,ct_natural_gas_heating
113238,yankee_gas_nonheating
111347,yankee_gas_mf
110571,null_gas_tariff
111861,null_gas_tariff
113294,southern_ct_gas_heating
113353,yankee_gas_mf
115436,yankee_gas_mf
115204,null_gas_tariff
116226,yankee_gas_heating
117094,null_gas_tariff
118209,null_gas_tariff
118330,null_gas_tariff
118333,null_gas_tariff
118684,yankee_gas_heating
119339,yankee_gas_mf
120819,ct_natural_gas_nonheating
120803,null_gas_tariff
12130,null_gas_tariff
122797,yankee_gas_heating
12274,null_gas_tariff
124732,null_gas_tariff
124950,ct_natural_gas_heating
125377,null_gas_tariff
125933,southern_ct_gas_heating
126671,null_gas_tariff
127053,ct_natural_gas_heating
126323,ct_natural_gas_heating
127474,yankee_gas_heating
127706,ct_natural_gas_mf
127949,null_gas_tariff
127978,yankee_gas_heating
129035,yankee_gas_mf
130778,yankee_gas_heating
131249,null_gas_tariff
134458,yankee_gas_nonheating
134564,ct_natural_gas_heating
135169,yankee_gas_nonheating
13594,null_gas_tariff
136508,null_gas_tariff
137475,southern_ct_gas_heating
13728,null_gas_tariff
137427,southern_ct_gas_heating
137557,yankee_gas_heating
137552,yankee_gas_heating
138119,null_gas_tariff
138474,yankee_gas_heating
141414,southern_ct_gas_heating
142334,yankee_gas_heating
142772,null_gas_tariff
143426,null_gas_tariff
142960,southern_ct_gas_heating
143634,null_gas_tariff
144124,null_gas_tariff
143799,yankee_gas_mf
145419,yankee_gas_nonheating
145855,null_gas_tariff
145676,null_gas_tariff
146340,null_gas_tariff
14667,null_gas_tariff
146587,southern_ct_gas_heating
147830,ct_natural_gas_heating
148361,null_gas_tariff
149062,southern_ct_gas_heating
151554,ct_natural_gas_heating
151621,southern_ct_gas_heating
152443,southern_ct_gas_mf
15308,null_gas_tariff
153291,yankee_gas_heating
1557,ct_natural_gas_heating
155840,null_gas_tariff
155993,yankee_gas_mf
155714,null_gas_tariff
155788,ct_natural_gas_heating
15746,null_gas_tariff
157722,southern_ct_gas_heating
158351,ct_natural_gas_heating
158485,null_gas_tariff
159335,yankee_gas_mf
160389,yankee_gas_mf
161530,southern_ct_gas_nonheating
1618,ct_natural_gas_heating
162209,southern_ct_gas_mf
162080,null_gas_tariff
16426,null_gas_tariff
164495,null_gas_tariff
164718,null_gas_tariff
165872,null_gas_tariff
166250,null_gas_tariff
168326,ct_natural_gas_heating
168762,yankee_gas_heating
169863,null_gas_tariff
170761,yankee_gas_nonheating
174214,null_gas_tariff
174054,ct_natural_gas_mf
174056,null_gas_tariff
1745,null_gas_tariff
174828,null_gas_tariff
175100,null_gas_tariff
1753,null_gas_tariff
175741,null_gas_tariff
176093,yankee_gas_mf
177297,null_gas_tariff
177282,yankee_gas_heating
17722,yankee_gas_nonheating
178154,yankee_gas_heating
177901,yankee_gas_mf
179679,null_gas_tariff
180424,null_gas_tariff
180529,null_gas_tariff
181185,norwich_muni_general
181138,yankee_gas_heating
181308,null_gas_tariff
183175,southern_ct_gas_heating
183614,null_gas_tariff
184030,yankee_gas_mf
184296,null_gas_tariff
184750,null_gas_tariff
184621,null_gas_tariff
184916,null_gas_tariff
185328,null_gas_tariff
185331,yankee_gas_heating
186309,null_gas_tariff
18617,null_gas_tariff
186949,southern_ct_gas_nonheating
186954,null_gas_tariff
187133,null_gas_tariff
18791,null_gas_tariff
18789,yankee_gas_nonheating
188612,yankee_gas_heating
189805,null_gas_tariff
190193,null_gas_tariff
190271,southern_ct_gas_mf
190543,null_gas_tariff
191444,null_gas_tariff
192258,null_gas_tariff
192893,ct_natural_gas_heating
193111,ct_natural_gas_mf
195151,null_gas_tariff
196327,null_gas_tariff
197551,southern_ct_gas_nonheating
19852,null_gas_tariff
197995,null_gas_tariff
201030,southern_ct_gas_heating
201756,null_gas_tariff
201559,null_gas_tariff
201985,southern_ct_gas_heating
202167,southern_ct_gas_heating
202653,ct_natural_gas_heating
202735,null_gas_tariff
202822,null_gas_tariff
202887,ct_natural_gas_heating
203226,null_gas_tariff
20399,null_gas_tariff
204304,ct_natural_gas_heating
205028,ct_natural_gas_nonheating
205877,southern_ct_gas_mf
206140,ct_natural_gas_heating
206613,yankee_gas_nonheating
207181,null_gas_tariff
207521,null_gas_tariff
208199,null_gas_tariff
208351,null_gas_tariff
208333,null_gas_tariff
208750,null_gas_tariff
208707,null_gas_tariff
20877,null_gas_tariff
209806,southern_ct_gas_heating
210119,yankee_gas_heating
210821,southern_ct_gas_heating
212152,yankee_gas_nonheating
212160,null_gas_tariff
212363,null_gas_tariff
212627,null_gas_tariff
212514,null_gas_tariff
212901,southern_ct_gas_nonheating
213567,null_gas_tariff
214956,yankee_gas_heating
215511,null_gas_tariff
216086,null_gas_tariff
215946,null_gas_tariff
218453,yankee_gas_heating
218716,null_gas_tariff
220103,yankee_gas_heating
22036,yankee_gas_nonheating
221767,southern_ct_gas_heating
104339,null_gas_tariff
101911,null_gas_tariff
103275,null_gas_tariff
101183,ct_natural_gas_heating
102606,yankee_gas_heating
107477,norwich_muni_general
104911,southern_ct_gas_mf
106304,null_gas_tariff
109102,southern_ct_gas_heating
106211,null_gas_tariff
107058,null_gas_tariff
109508,null_gas_tariff
111927,ct_natural_gas_nonheating
109710,yankee_gas_heating
112660,southern_ct_gas_heating
11115,southern_ct_gas_nonheating
111574,yankee_gas_heating
109583,southern_ct_gas_heating
113181,null_gas_tariff
111993,null_gas_tariff
111057,null_gas_tariff
11356,ct_natural_gas_mf
113585,null_gas_tariff
114199,null_gas_tariff
113798,null_gas_tariff
114190,ct_natural_gas_heating
11565,ct_natural_gas_heating
114982,ct_natural_gas_heating
115750,southern_ct_gas_mf
11579,null_gas_tariff
116001,null_gas_tariff
117421,null_gas_tariff
117728,ct_natural_gas_heating
118397,null_gas_tariff
119723,null_gas_tariff
119790,southern_ct_gas_nonheating
120756,null_gas_tariff
122033,ct_natural_gas_heating
122130,yankee_gas_nonheating
122360,null_gas_tariff
123377,southern_ct_gas_nonheating
124352,null_gas_tariff
124036,null_gas_tariff
126645,null_gas_tariff
127420,ct_natural_gas_heating
12676,null_gas_tariff
127141,null_gas_tariff
127446,southern_ct_gas_heating
128948,ct_natural_gas_heating
128230,null_gas_tariff
128387,ct_natural_gas_heating
129812,null_gas_tariff
129535,null_gas_tariff
130227,null_gas_tariff
130871,southern_ct_gas_heating
13102,yankee_gas_nonheating
131445,ct_natural_gas_mf
132619,null_gas_tariff
132787,null_gas_tariff
135137,null_gas_tariff
135025,null_gas_tariff
136393,southern_ct_gas_mf
137166,ct_natural_gas_heating
137283,ct_natural_gas_heating
137674,null_gas_tariff
138525,yankee_gas_heating
138786,null_gas_tariff
140345,ct_natural_gas_heating
140685,yankee_gas_nonheating
141134,null_gas_tariff
143147,southern_ct_gas_mf
143951,null_gas_tariff
14391,yankee_gas_heating
144750,southern_ct_gas_heating
144938,null_gas_tariff
145669,null_gas_tariff
145900,null_gas_tariff
146454,yankee_gas_heating
146753,null_gas_tariff
147995,yankee_gas_heating
148380,southern_ct_gas_mf
149395,null_gas_tariff
150302,ct_natural_gas_nonheating
150839,yankee_gas_mf
151394,null_gas_tariff
151658,southern_ct_gas_heating
151796,null_gas_tariff
152605,null_gas_tariff
152727,ct_natural_gas_mf
152774,null_gas_tariff
153369,yankee_gas_nonheating
154267,null_gas_tariff
153381,null_gas_tariff
153589,null_gas_tariff
154921,yankee_gas_heating
155349,ct_natural_gas_heating
15574,yankee_gas_heating
157875,null_gas_tariff
158154,null_gas_tariff
15817,null_gas_tariff
159069,null_gas_tariff
159383,null_gas_tariff
159782,null_gas_tariff
159435,southern_ct_gas_mf
160266,null_gas_tariff
160369,null_gas_tariff
16129,southern_ct_gas_mf
161773,southern_ct_gas_heating
161590,null_gas_tariff
164172,null_gas_tariff
16421,southern_ct_gas_mf
164739,null_gas_tariff
164924,ct_natural_gas_nonheating
16566,yankee_gas_nonheating
165236,null_gas_tariff
165797,yankee_gas_nonheating
166026,null_gas_tariff
166362,null_gas_tariff
168553,ct_natural_gas_mf
168305,yankee_gas_heating
169001,southern_ct_gas_heating
170333,southern_ct_gas_nonheating
170339,ct_natural_gas_heating
170742,yankee_gas_heating
170897,ct_natural_gas_mf
171899,null_gas_tariff
171961,yankee_gas_heating
172274,yankee_gas_heating
172826,ct_natural_gas_heating
172565,null_gas_tariff
173238,null_gas_tariff
173953,null_gas_tariff
174657,null_gas_tariff
174599,null_gas_tariff
174908,null_gas_tariff
175251,null_gas_tariff
175717,null_gas_tariff
176054,southern_ct_gas_nonheating
177032,null_gas_tariff
178008,null_gas_tariff
178861,yankee_gas_heating
180003,null_gas_tariff
179475,null_gas_tariff
182029,yankee_gas_nonheating
182100,null_gas_tariff
182146,null_gas_tariff
182613,null_gas_tariff
183174,ct_natural_gas_heating
182800,southern_ct_gas_heating
183395,null_gas_tariff
183820,null_gas_tariff
183846,ct_natural_gas_mf
184229,null_gas_tariff
184311,null_gas_tariff
185183,ct_natural_gas_mf
185278,yankee_gas_heating
185384,ct_natural_gas_heating
185451,null_gas_tariff
186040,ct_natural_gas_heating
185955,null_gas_tariff
18640,yankee_gas_nonheating
187297,null_gas_tariff
187028,yankee_gas_heating
187921,yankee_gas_heating
188282,southern_ct_gas_heating
188714,null_gas_tariff
190140,null_gas_tariff
190191,null_gas_tariff
190668,yankee_gas_mf
190755,null_gas_tariff
191502,yankee_gas_mf
19183,yankee_gas_mf
192198,ct_natural_gas_heating
192384,southern_ct_gas_mf
193067,ct_natural_gas_heating
193621,null_gas_tariff
193937,null_gas_tariff
193990,null_gas_tariff
194918,yankee_gas_heating
194092,null_gas_tariff
194343,null_gas_tariff
195246,null_gas_tariff
195409,southern_ct_gas_heating
196123,ct_natural_gas_heating
196662,yankee_gas_nonheating
197924,southern_ct_gas_heating
199440,yankee_gas_mf
199525,null_gas_tariff
200121,southern_ct_gas_heating
200,null_gas_tariff
20008,null_gas_tariff
200185,null_gas_tariff
201000,ct_natural_gas_heating
201591,null_gas_tariff
202615,yankee_gas_heating
202643,ct_natural_gas_heating
202969,yankee_gas_heating
204113,null_gas_tariff
204289,null_gas_tariff
205540,null_gas_tariff
204933,null_gas_tariff
204637,yankee_gas_nonheating
205800,null_gas_tariff
206343,yankee_gas_nonheating
206529,southern_ct_gas_heating
206612,null_gas_tariff
207306,yankee_gas_heating
206973,yankee_gas_nonheating
208237,null_gas_tariff
208165,null_gas_tariff
208637,null_gas_tariff
209623,null_gas_tariff
210322,null_gas_tariff
210478,null_gas_tariff
209689,null_gas_tariff
211791,null_gas_tariff
212003,yankee_gas_heating
211988,null_gas_tariff
211818,yankee_gas_heating
212720,null_gas_tariff
212165,null_gas_tariff
213429,null_gas_tariff
213583,null_gas_tariff
214704,ct_natural_gas_mf
214795,null_gas_tariff
214665,null_gas_tariff
214876,null_gas_tariff
214847,null_gas_tariff
215434,null_gas_tariff
216043,null_gas_tariff
216023,null_gas_tariff
215692,null_gas_tariff
217354,null_gas_tariff
216890,yankee_gas_heating
217901,ct_natural_gas_mf
218121,southern_ct_gas_mf
218122,southern_ct_gas_heating
219054,ct_natural_gas_heating
220404,southern_ct_gas_heating
220866,southern_ct_gas_heating
220710,yankee_gas_mf
221554,southern_ct_gas_heating
221569,yankee_gas_heating
100771,null_gas_tariff
101712,yankee_gas_nonheating
103990,yankee_gas_nonheating
103790,ct_natural_gas_heating
103549,null_gas_tariff
102052,yankee_gas_heating
104498,yankee_gas_nonheating
106676,ct_natural_gas_mf
107111,southern_ct_gas_nonheating
107945,yankee_gas_heating
106708,null_gas_tariff
106421,null_gas_tariff
108548,null_gas_tariff
109033,ct_natural_gas_heating
108193,null_gas_tariff
108113,southern_ct_gas_heating
10917,null_gas_tariff
112020,southern_ct_gas_nonheating
110621,null_gas_tariff
111471,null_gas_tariff
111495,null_gas_tariff
112137,yankee_gas_heating
113586,null_gas_tariff
113786,null_gas_tariff
113716,null_gas_tariff
114181,null_gas_tariff
114466,ct_natural_gas_heating
114551,null_gas_tariff
115078,yankee_gas_mf
115641,null_gas_tariff
116050,yankee_gas_heating
11617,ct_natural_gas_heating
115771,null_gas_tariff
115964,null_gas_tariff
116355,southern_ct_gas_mf
116225,null_gas_tariff
116381,null_gas_tariff
116550,southern_ct_gas_heating
117068,null_gas_tariff
116972,null_gas_tariff
118415,null_gas_tariff
118331,yankee_gas_nonheating
11894,null_gas_tariff
118532,null_gas_tariff
118525,null_gas_tariff
121194,ct_natural_gas_mf
121069,null_gas_tariff
121534,yankee_gas_nonheating
123829,null_gas_tariff
12516,southern_ct_gas_heating
123709,ct_natural_gas_heating
124571,null_gas_tariff
125695,null_gas_tariff
126273,yankee_gas_heating
127251,null_gas_tariff
126710,null_gas_tariff
128027,southern_ct_gas_heating
128937,yankee_gas_heating
129014,null_gas_tariff
129025,null_gas_tariff
129128,yankee_gas_heating
130568,null_gas_tariff
131195,null_gas_tariff
131753,yankee_gas_heating
132411,null_gas_tariff
13358,yankee_gas_mf
133607,null_gas_tariff
134582,null_gas_tariff
135239,null_gas_tariff
135404,southern_ct_gas_heating
135245,yankee_gas_heating
135467,null_gas_tariff
136565,null_gas_tariff
136998,null_gas_tariff
137832,null_gas_tariff
138250,null_gas_tariff
138666,southern_ct_gas_nonheating
138634,null_gas_tariff
138918,yankee_gas_mf
139506,null_gas_tariff
139207,null_gas_tariff
140086,southern_ct_gas_heating
14078,null_gas_tariff
140801,null_gas_tariff
142465,ct_natural_gas_mf
142742,southern_ct_gas_heating
143600,null_gas_tariff
144417,null_gas_tariff
14448,ct_natural_gas_heating
144435,null_gas_tariff
144857,null_gas_tariff
145504,null_gas_tariff
146027,ct_natural_gas_nonheating
146197,southern_ct_gas_mf
146459,null_gas_tariff
147077,null_gas_tariff
147150,null_gas_tariff
147706,null_gas_tariff
148478,null_gas_tariff
148882,null_gas_tariff
149090,null_gas_tariff
149533,null_gas_tariff
14925,null_gas_tariff
150667,yankee_gas_heating
151858,southern_ct_gas_heating
152001,yankee_gas_heating
152346,yankee_gas_nonheating
152274,ct_natural_gas_nonheating
152718,null_gas_tariff
152924,null_gas_tariff
153049,null_gas_tariff
153527,null_gas_tariff
155155,null_gas_tariff
155318,yankee_gas_mf
155356,southern_ct_gas_heating
155773,null_gas_tariff
155639,ct_natural_gas_heating
157228,null_gas_tariff
157515,null_gas_tariff
158906,yankee_gas_heating
159807,null_gas_tariff
160432,ct_natural_gas_heating
161086,southern_ct_gas_heating
162076,yankee_gas_nonheating
161628,null_gas_tariff
16249,yankee_gas_nonheating
162745,southern_ct_gas_mf
163354,null_gas_tariff
164420,ct_natural_gas_heating
164726,null_gas_tariff
164598,yankee_gas_nonheating
164767,null_gas_tariff
166660,yankee_gas_mf
167821,southern_ct_gas_heating
168367,null_gas_tariff
168438,yankee_gas_heating
168741,ct_natural_gas_heating
169371,null_gas_tariff
168862,ct_natural_gas_heating
169513,ct_natural_gas_mf
169510,yankee_gas_heating
169101,ct_natural_gas_heating
169909,null_gas_tariff
171290,null_gas_tariff
171651,null_gas_tariff
172539,null_gas_tariff
172980,null_gas_tariff
173168,null_gas_tariff
17442,null_gas_tariff
17497,yankee_gas_mf
175401,ct_natural_gas_mf
17557,null_gas_tariff
175855,null_gas_tariff
176430,null_gas_tariff
176751,null_gas_tariff
17783,null_gas_tariff
178636,yankee_gas_heating
17977,ct_natural_gas_mf
179790,yankee_gas_heating
180332,null_gas_tariff
181938,null_gas_tariff
182059,null_gas_tariff
182134,null_gas_tariff
18309,yankee_gas_heating
18396,null_gas_tariff
184904,null_gas_tariff
185104,southern_ct_gas_nonheating
18537,null_gas_tariff
185492,ct_natural_gas_heating
185642,null_gas_tariff
186057,yankee_gas_heating
18638,null_gas_tariff
186466,southern_ct_gas_mf
186642,null_gas_tariff
186718,null_gas_tariff
189503,southern_ct_gas_nonheating
189384,yankee_gas_nonheating
189704,yankee_gas_nonheating
190285,yankee_gas_nonheating
190719,null_gas_tariff
191091,null_gas_tariff
191171,null_gas_tariff
192461,null_gas_tariff
19349,southern_ct_gas_heating
195914,ct_natural_gas_nonheating
197131,yankee_gas_nonheating
196743,null_gas_tariff
197312,ct_natural_gas_mf
199026,null_gas_tariff
199367,null_gas_tariff
199728,null_gas_tariff
200183,null_gas_tariff
200777,yankee_gas_heating
200967,yankee_gas_heating
201473,yankee_gas_heating
201685,southern_ct_gas_heating
202188,null_gas_tariff
202021,null_gas_tariff
202614,yankee_gas_heating
202633,ct_natural_gas_heating
20293,yankee_gas_heating
203059,null_gas_tariff
204042,ct_natural_gas_heating
20461,null_gas_tariff
205835,null_gas_tariff
206661,yankee_gas_heating
207843,null_gas_tariff
208314,southern_ct_gas_heating
208748,null_gas_tariff
209998,null_gas_tariff
209535,null_gas_tariff
210586,ct_natural_gas_heating
210921,null_gas_tariff
211844,ct_natural_gas_mf
211866,ct_natural_gas_heating
212567,southern_ct_gas_mf
213348,southern_ct_gas_heating
213812,yankee_gas_heating
214815,null_gas_tariff
214727,ct_natural_gas_mf
214841,null_gas_tariff
215670,null_gas_tariff
216140,ct_natural_gas_heating
21637,null_gas_tariff
216549,yankee_gas_heating
217786,null_gas_tariff
217893,null_gas_tariff
217939,null_gas_tariff
217829,null_gas_tariff
218146,null_gas_tariff
219782,null_gas_tariff
221411,null_gas_tariff
222080,yankee_gas_heating
222274,null_gas_tariff
471273,southern_ct_gas_heating
472076,yankee_gas_heating
472269,ct_natural_gas_heating
472333,ct_natural_gas_heating
472670,null_gas_tariff
472643,yankee_gas_heating
473002,yankee_gas_mf
47391,ct_natural_gas_heating
475291,null_gas_tariff
47532,yankee_gas_nonheating
477335,null_gas_tariff
477725,null_gas_tariff
478937,null_gas_tariff
479871,null_gas_tariff
480217,null_gas_tariff
479793,null_gas_tariff
479583,null_gas_tariff
480262,null_gas_tariff
481090,ct_natural_gas_nonheating
481229,null_gas_tariff
481669,ct_natural_gas_heating
482769,ct_natural_gas_heating
484776,null_gas_tariff
485086,null_gas_tariff
485585,null_gas_tariff
486593,southern_ct_gas_heating
486721,null_gas_tariff
487319,null_gas_tariff
487589,yankee_gas_heating
486935,null_gas_tariff
488710,null_gas_tariff
489275,yankee_gas_heating
490213,null_gas_tariff
491879,ct_natural_gas_nonheating
492711,ct_natural_gas_heating
493423,null_gas_tariff
493789,yankee_gas_heating
49344,null_gas_tariff
494593,southern_ct_gas_heating
495173,yankee_gas_mf
494950,null_gas_tariff
496425,null_gas_tariff
496484,ct_natural_gas_heating
497440,null_gas_tariff
497828,ct_natural_gas_heating
498983,null_gas_tariff
498971,null_gas_tariff
500022,yankee_gas_mf
500206,yankee_gas_nonheating
50058,null_gas_tariff
500559,yankee_gas_heating
502886,southern_ct_gas_heating
504712,yankee_gas_mf
504826,null_gas_tariff
505638,yankee_gas_mf
50586,yankee_gas_heating
506159,yankee_gas_nonheating
50606,southern_ct_gas_heating
506193,null_gas_tariff
506716,southern_ct_gas_heating
507540,yankee_gas_heating
507419,ct_natural_gas_heating
507859,southern_ct_gas_mf
508239,null_gas_tariff
509329,ct_natural_gas_nonheating
509773,yankee_gas_heating
509852,yankee_gas_heating
510319,yankee_gas_nonheating
510889,null_gas_tariff
513768,null_gas_tariff
51406,yankee_gas_mf
515115,yankee_gas_heating
515768,southern_ct_gas_heating
515737,southern_ct_gas_mf
51656,null_gas_tariff
516407,yankee_gas_nonheating
517286,yankee_gas_mf
517671,null_gas_tariff
518006,null_gas_tariff
51924,southern_ct_gas_nonheating
519773,null_gas_tariff
521675,null_gas_tariff
523181,null_gas_tariff
52323,yankee_gas_heating
524288,yankee_gas_heating
524661,null_gas_tariff
524928,null_gas_tariff
525413,null_gas_tariff
525855,null_gas_tariff
525765,ct_natural_gas_heating
526014,yankee_gas_heating
525872,yankee_gas_mf
526557,yankee_gas_heating
526460,null_gas_tariff
528292,ct_natural_gas_mf
528448,null_gas_tariff
529244,yankee_gas_nonheating
529264,null_gas_tariff
529641,yankee_gas_nonheating
529661,southern_ct_gas_heating
529769,yankee_gas_mf
530712,null_gas_tariff
530807,null_gas_tariff
53172,ct_natural_gas_nonheating
532373,null_gas_tariff
533872,ct_natural_gas_mf
53391,null_gas_tariff
53416,null_gas_tariff
535665,ct_natural_gas_heating
536511,yankee_gas_mf
536741,null_gas_tariff
536928,null_gas_tariff
538036,yankee_gas_mf
539418,null_gas_tariff
538936,null_gas_tariff
539733,southern_ct_gas_heating
539784,null_gas_tariff
5402,null_gas_tariff
54071,yankee_gas_heating
541025,yankee_gas_heating
541267,null_gas_tariff
541341,yankee_gas_nonheating
541668,null_gas_tariff
542121,yankee_gas_mf
54234,ct_natural_gas_heating
54242,null_gas_tariff
5425,yankee_gas_mf
542718,null_gas_tariff
54262,ct_natural_gas_mf
543602,ct_natural_gas_heating
543612,null_gas_tariff
543967,southern_ct_gas_mf
544118,null_gas_tariff
544299,null_gas_tariff
546748,null_gas_tariff
546634,null_gas_tariff
546407,null_gas_tariff
54730,null_gas_tariff
547006,null_gas_tariff
548202,null_gas_tariff
548796,southern_ct_gas_heating
549414,null_gas_tariff
55013,null_gas_tariff
55863,ct_natural_gas_heating
56086,null_gas_tariff
56396,southern_ct_gas_heating
56732,ct_natural_gas_nonheating
56055,yankee_gas_mf
56074,null_gas_tariff
58319,null_gas_tariff
57684,southern_ct_gas_heating
58287,southern_ct_gas_heating
58974,null_gas_tariff
58776,null_gas_tariff
59281,yankee_gas_heating
59642,null_gas_tariff
60316,yankee_gas_nonheating
60986,null_gas_tariff
61741,southern_ct_gas_heating
62666,yankee_gas_mf
63319,null_gas_tariff
63338,null_gas_tariff
63824,ct_natural_gas_heating
64208,southern_ct_gas_heating
64829,yankee_gas_mf
65969,null_gas_tariff
66302,ct_natural_gas_mf
66839,yankee_gas_heating
66773,southern_ct_gas_heating
67815,yankee_gas_mf
68228,southern_ct_gas_heating
6883,null_gas_tariff
6844,ct_natural_gas_nonheating
69535,null_gas_tariff
69678,null_gas_tariff
70214,null_gas_tariff
70257,null_gas_tariff
70925,null_gas_tariff
71980,null_gas_tariff
71224,null_gas_tariff
72463,ct_natural_gas_mf
72716,null_gas_tariff
7295,null_gas_tariff
73136,yankee_gas_heating
73983,southern_ct_gas_mf
74452,null_gas_tariff
74440,ct_natural_gas_heating
74455,null_gas_tariff
73909,yankee_gas_heating
76490,null_gas_tariff
76103,null_gas_tariff
75679,null_gas_tariff
77386,ct_natural_gas_mf
77755,null_gas_tariff
77566,null_gas_tariff
78197,null_gas_tariff
78071,norwich_muni_general
79077,null_gas_tariff
78972,ct_natural_gas_heating
79407,yankee_gas_heating
79682,null_gas_tariff
79702,ct_natural_gas_mf
79787,yankee_gas_nonheating
79812,null_gas_tariff
81315,ct_natural_gas_heating
83229,null_gas_tariff
83670,null_gas_tariff
83837,yankee_gas_heating
84498,null_gas_tariff
84216,southern_ct_gas_heating
85046,yankee_gas_heating
8517,yankee_gas_heating
86406,null_gas_tariff
86493,null_gas_tariff
86890,ct_natural_gas_mf
86996,null_gas_tariff
89322,null_gas_tariff
89545,southern_ct_gas_mf
89983,yankee_gas_mf
91120,southern_ct_gas_mf
91640,null_gas_tariff
93000,southern_ct_gas_mf
94223,yankee_gas_heating
94511,null_gas_tariff
95305,yankee_gas_heating
95378,southern_ct_gas_heating
95661,null_gas_tariff
96514,ct_natural_gas_heating
96534,ct_natural_gas_heating
96779,ct_natural_gas_nonheating
98518,null_gas_tariff
98649,yankee_gas_heating
471656,null_gas_tariff
471534,yankee_gas_mf
471886,null_gas_tariff
471821,null_gas_tariff
472477,null_gas_tariff
472886,null_gas_tariff
47276,null_gas_tariff
473602,null_gas_tariff
473583,yankee_gas_heating
475049,southern_ct_gas_heating
476063,null_gas_tariff
476274,null_gas_tariff
478478,null_gas_tariff
478960,southern_ct_gas_heating
479725,null_gas_tariff
480676,null_gas_tariff
481351,yankee_gas_heating
481376,southern_ct_gas_mf
481914,null_gas_tariff
481543,null_gas_tariff
48305,yankee_gas_mf
48334,null_gas_tariff
483180,null_gas_tariff
484265,null_gas_tariff
484920,yankee_gas_heating
484780,ct_natural_gas_mf
485209,null_gas_tariff
485873,yankee_gas_heating
48561,null_gas_tariff
485567,null_gas_tariff
487272,yankee_gas_mf
48790,null_gas_tariff
488241,yankee_gas_heating
488712,yankee_gas_heating
488257,null_gas_tariff
489118,ct_natural_gas_heating
489540,null_gas_tariff
490807,null_gas_tariff
491805,yankee_gas_heating
492174,yankee_gas_heating
491812,null_gas_tariff
491860,yankee_gas_heating
493159,southern_ct_gas_heating
493305,yankee_gas_heating
493625,yankee_gas_nonheating
492815,null_gas_tariff
495633,ct_natural_gas_mf
496876,yankee_gas_heating
497464,southern_ct_gas_heating
499391,ct_natural_gas_heating
499154,ct_natural_gas_nonheating
4999,null_gas_tariff
500061,yankee_gas_nonheating
500821,southern_ct_gas_mf
501088,null_gas_tariff
501831,yankee_gas_heating
502694,yankee_gas_nonheating
50310,null_gas_tariff
504616,null_gas_tariff
505266,ct_natural_gas_mf
505035,null_gas_tariff
505902,yankee_gas_heating
50625,yankee_gas_heating
506411,yankee_gas_heating
506937,ct_natural_gas_mf
507577,ct_natural_gas_heating
507910,null_gas_tariff
509179,null_gas_tariff
509667,null_gas_tariff
509779,southern_ct_gas_mf
50980,null_gas_tariff
51039,ct_natural_gas_heating
510774,null_gas_tariff
510706,null_gas_tariff
510857,yankee_gas_nonheating
511861,null_gas_tariff
513561,ct_natural_gas_nonheating
513898,ct_natural_gas_heating
515124,null_gas_tariff
515200,southern_ct_gas_nonheating
515929,null_gas_tariff
515205,yankee_gas_nonheating
515316,ct_natural_gas_heating
516626,yankee_gas_mf
516089,null_gas_tariff
51759,null_gas_tariff
517481,yankee_gas_heating
519174,null_gas_tariff
520689,yankee_gas_heating
520167,null_gas_tariff
520632,yankee_gas_heating
521242,yankee_gas_heating
521478,null_gas_tariff
521563,null_gas_tariff
522181,yankee_gas_heating
522677,null_gas_tariff
523423,ct_natural_gas_heating
523182,null_gas_tariff
525758,null_gas_tariff
525975,null_gas_tariff
526273,yankee_gas_heating
526241,ct_natural_gas_heating
528639,ct_natural_gas_heating
529527,null_gas_tariff
530368,yankee_gas_heating
530525,southern_ct_gas_mf
531550,southern_ct_gas_heating
534336,ct_natural_gas_heating
53499,ct_natural_gas_nonheating
534714,null_gas_tariff
535156,southern_ct_gas_heating
535941,null_gas_tariff
536310,null_gas_tariff
536595,southern_ct_gas_heating
536674,southern_ct_gas_heating
53696,null_gas_tariff
537099,southern_ct_gas_heating
537530,yankee_gas_nonheating
539987,yankee_gas_nonheating
540005,ct_natural_gas_nonheating
540661,null_gas_tariff
540903,null_gas_tariff
541302,yankee_gas_heating
542451,southern_ct_gas_mf
542247,null_gas_tariff
54219,ct_natural_gas_heating
542913,null_gas_tariff
54281,null_gas_tariff
543573,yankee_gas_heating
543479,ct_natural_gas_heating
544025,southern_ct_gas_heating
543144,null_gas_tariff
545017,yankee_gas_mf
547249,null_gas_tariff
547969,null_gas_tariff
548491,null_gas_tariff
548997,southern_ct_gas_heating
548511,null_gas_tariff
549253,ct_natural_gas_heating
55018,null_gas_tariff
55303,null_gas_tariff
55514,null_gas_tariff
55868,yankee_gas_heating
56804,yankee_gas_nonheating
5675,yankee_gas_nonheating
57388,null_gas_tariff
57750,null_gas_tariff
58688,yankee_gas_mf
59367,null_gas_tariff
59970,ct_natural_gas_nonheating
60169,yankee_gas_heating
6006,null_gas_tariff
60966,ct_natural_gas_nonheating
61520,yankee_gas_nonheating
61739,null_gas_tariff
61712,yankee_gas_nonheating
63562,yankee_gas_heating
63735,null_gas_tariff
65283,null_gas_tariff
64892,southern_ct_gas_heating
65340,null_gas_tariff
65356,yankee_gas_nonheating
66426,null_gas_tariff
67305,null_gas_tariff
6735,null_gas_tariff
67474,yankee_gas_heating
68479,yankee_gas_heating
69384,null_gas_tariff
70463,southern_ct_gas_heating
70670,null_gas_tariff
72022,null_gas_tariff
72386,null_gas_tariff
74894,null_gas_tariff
74862,null_gas_tariff
75013,null_gas_tariff
75807,yankee_gas_heating
75752,null_gas_tariff
76304,ct_natural_gas_heating
75359,null_gas_tariff
75852,null_gas_tariff
77453,southern_ct_gas_heating
80147,ct_natural_gas_mf
81115,ct_natural_gas_mf
81207,null_gas_tariff
81661,yankee_gas_heating
82213,null_gas_tariff
83064,yankee_gas_mf
8404,ct_natural_gas_heating
83250,southern_ct_gas_heating
84846,null_gas_tariff
85002,null_gas_tariff
8528,yankee_gas_heating
8668,southern_ct_gas_heating
86780,null_gas_tariff
87012,yankee_gas_heating
88974,null_gas_tariff
89409,null_gas_tariff
89352,null_gas_tariff
89917,null_gas_tariff
90132,null_gas_tariff
90757,null_gas_tariff
91086,yankee_gas_mf
92537,null_gas_tariff
94925,null_gas_tariff
95477,southern_ct_gas_nonheating
96117,null_gas_tariff
95837,null_gas_tariff
96220,null_gas_tariff
97910,null_gas_tariff
97983,southern_ct_gas_mf
98635,null_gas_tariff
98947,null_gas_tariff
9864,yankee_gas_nonheating
471164,yankee_gas_nonheating
470869,null_gas_tariff
471490,ct_natural_gas_heating
472161,null_gas_tariff
472469,null_gas_tariff
472345,southern_ct_gas_heating
473004,ct_natural_gas_heating
474615,null_gas_tariff
475357,null_gas_tariff
475601,null_gas_tariff
475918,null_gas_tariff
476053,yankee_gas_nonheating
476228,null_gas_tariff
477348,yankee_gas_heating
478694,null_gas_tariff
477554,southern_ct_gas_heating
478785,null_gas_tariff
479042,null_gas_tariff
479582,null_gas_tariff
479705,ct_natural_gas_heating
481042,null_gas_tariff
480646,null_gas_tariff
481237,southern_ct_gas_mf
481910,ct_natural_gas_heating
482224,null_gas_tariff
483469,null_gas_tariff
484509,ct_natural_gas_mf
484451,yankee_gas_mf
484832,null_gas_tariff
485212,null_gas_tariff
486851,null_gas_tariff
486773,yankee_gas_mf
487725,null_gas_tariff
488167,null_gas_tariff
488676,yankee_gas_nonheating
488252,ct_natural_gas_mf
488744,yankee_gas_mf
489361,yankee_gas_heating
489733,null_gas_tariff
489872,null_gas_tariff
491400,null_gas_tariff
491580,yankee_gas_nonheating
491777,null_gas_tariff
492432,null_gas_tariff
492413,null_gas_tariff
49252,null_gas_tariff
493825,null_gas_tariff
494455,yankee_gas_mf
494917,yankee_gas_nonheating
494791,ct_natural_gas_mf
495287,null_gas_tariff
496823,null_gas_tariff
497005,ct_natural_gas_mf
496966,null_gas_tariff
497371,southern_ct_gas_heating
498113,yankee_gas_heating
497812,yankee_gas_mf
499053,null_gas_tariff
500993,yankee_gas_mf
501485,ct_natural_gas_heating
501737,null_gas_tariff
501602,yankee_gas_heating
502563,null_gas_tariff
503666,ct_natural_gas_heating
503915,norwich_muni_general
505849,null_gas_tariff
50614,null_gas_tariff
50671,null_gas_tariff
507856,yankee_gas_nonheating
508486,null_gas_tariff
50841,yankee_gas_heating
508910,null_gas_tariff
508700,yankee_gas_heating
509097,null_gas_tariff
50936,null_gas_tariff
509585,null_gas_tariff
510242,null_gas_tariff
511846,yankee_gas_mf
512927,null_gas_tariff
514569,yankee_gas_nonheating
514774,null_gas_tariff
515550,null_gas_tariff
515089,ct_natural_gas_heating
517891,null_gas_tariff
518242,null_gas_tariff
518108,null_gas_tariff
518419,southern_ct_gas_heating
519075,null_gas_tariff
519281,null_gas_tariff
52074,null_gas_tariff
520667,southern_ct_gas_nonheating
520868,null_gas_tariff
521121,southern_ct_gas_mf
520926,southern_ct_gas_heating
521090,yankee_gas_nonheating
521719,null_gas_tariff
521786,yankee_gas_heating
522925,null_gas_tariff
523355,null_gas_tariff
52396,yankee_gas_heating
524903,null_gas_tariff
526202,ct_natural_gas_heating
52634,ct_natural_gas_nonheating
52707,null_gas_tariff
527640,null_gas_tariff
527406,null_gas_tariff
528149,null_gas_tariff
528278,yankee_gas_nonheating
528920,null_gas_tariff
52890,yankee_gas_mf
528731,null_gas_tariff
5294,null_gas_tariff
529924,yankee_gas_heating
530141,null_gas_tariff
530283,null_gas_tariff
530363,null_gas_tariff
530449,null_gas_tariff
530718,null_gas_tariff
531839,null_gas_tariff
53212,yankee_gas_heating
532634,ct_natural_gas_nonheating
533884,null_gas_tariff
533746,null_gas_tariff
534455,yankee_gas_heating
534898,null_gas_tariff
535592,ct_natural_gas_heating
535238,southern_ct_gas_heating
535414,null_gas_tariff
536698,null_gas_tariff
536766,yankee_gas_mf
53720,null_gas_tariff
53741,southern_ct_gas_heating
537354,ct_natural_gas_heating
53756,yankee_gas_mf
538651,southern_ct_gas_heating
539452,yankee_gas_mf
539937,null_gas_tariff
540590,null_gas_tariff
541287,null_gas_tariff
541330,null_gas_tariff
543241,null_gas_tariff
542991,null_gas_tariff
543247,yankee_gas_nonheating
545195,ct_natural_gas_heating
546741,southern_ct_gas_mf
547936,null_gas_tariff
548050,null_gas_tariff
548837,null_gas_tariff
549750,yankee_gas_mf
549806,null_gas_tariff
549835,null_gas_tariff
55846,southern_ct_gas_heating
5568,ct_natural_gas_nonheating
57127,null_gas_tariff
57591,ct_natural_gas_heating
59424,southern_ct_gas_mf
59815,southern_ct_gas_heating
60301,null_gas_tariff
6131,ct_natural_gas_heating
61608,southern_ct_gas_nonheating
61664,null_gas_tariff
62509,null_gas_tariff
62435,null_gas_tariff
63060,null_gas_tariff
64887,ct_natural_gas_mf
64995,null_gas_tariff
65432,null_gas_tariff
65781,yankee_gas_nonheating
66301,yankee_gas_nonheating
65684,null_gas_tariff
66329,yankee_gas_heating
68769,null_gas_tariff
69066,null_gas_tariff
69340,southern_ct_gas_heating
69195,ct_natural_gas_heating
69628,yankee_gas_nonheating
69832,null_gas_tariff
71584,null_gas_tariff
71693,southern_ct_gas_heating
72177,ct_natural_gas_mf
72825,null_gas_tariff
72930,ct_natural_gas_heating
73038,yankee_gas_heating
73192,null_gas_tariff
7382,yankee_gas_nonheating
74082,ct_natural_gas_heating
74332,null_gas_tariff
74282,yankee_gas_mf
74609,null_gas_tariff
74727,ct_natural_gas_heating
74793,null_gas_tariff
75614,ct_natural_gas_mf
74901,null_gas_tariff
76537,ct_natural_gas_heating
76416,null_gas_tariff
77051,null_gas_tariff
76601,yankee_gas_mf
77215,null_gas_tariff
7747,southern_ct_gas_heating
79321,ct_natural_gas_nonheating
78515,null_gas_tariff
78479,null_gas_tariff
79425,null_gas_tariff
8050,null_gas_tariff
80492,yankee_gas_heating
80757,null_gas_tariff
80969,yankee_gas_nonheating
81765,southern_ct_gas_heating
81580,null_gas_tariff
82080,yankee_gas_mf
82338,null_gas_tariff
82869,null_gas_tariff
82999,ct_natural_gas_heating
83009,null_gas_tariff
84258,null_gas_tariff
84435,southern_ct_gas_heating
86256,southern_ct_gas_heating
86074,null_gas_tariff
86661,ct_natural_gas_heating
87667,null_gas_tariff
87602,null_gas_tariff
8897,southern_ct_gas_mf
88120,null_gas_tariff
9068,ct_natural_gas_heating
90983,null_gas_tariff
91343,null_gas_tariff
92327,ct_natural_gas_mf
93861,null_gas_tariff
94169,southern_ct_gas_mf
95248,null_gas_tariff
9514,ct_natural_gas_heating
95471,yankee_gas_mf
95522,ct_natural_gas_mf
95965,null_gas_tariff
9636,null_gas_tariff
97418,null_gas_tariff
98063,null_gas_tariff
99258,null_gas_tariff
99142,yankee_gas_heating
99558,yankee_gas_mf
471009,null_gas_tariff
471317,southern_ct_gas_mf
471401,null_gas_tariff
472249,yankee_gas_heating
473101,yankee_gas_nonheating
473520,null_gas_tariff
474009,null_gas_tariff
47418,southern_ct_gas_heating
475176,yankee_gas_heating
475824,southern_ct_gas_mf
476442,null_gas_tariff
477037,yankee_gas_nonheating
478657,ct_natural_gas_heating
478720,null_gas_tariff
479087,yankee_gas_mf
479352,yankee_gas_heating
481626,ct_natural_gas_nonheating
481620,ct_natural_gas_heating
481276,yankee_gas_heating
484131,southern_ct_gas_heating
484090,null_gas_tariff
483411,southern_ct_gas_heating
484587,null_gas_tariff
484913,ct_natural_gas_heating
485987,null_gas_tariff
485821,yankee_gas_heating
486274,null_gas_tariff
487439,southern_ct_gas_heating
487658,null_gas_tariff
487949,yankee_gas_mf
488486,null_gas_tariff
490023,southern_ct_gas_mf
492203,southern_ct_gas_heating
493901,null_gas_tariff
494331,ct_natural_gas_heating
496235,southern_ct_gas_heating
496679,yankee_gas_nonheating
496871,null_gas_tariff
497292,yankee_gas_nonheating
497136,yankee_gas_heating
497784,southern_ct_gas_heating
497979,southern_ct_gas_nonheating
49861,null_gas_tariff
500080,null_gas_tariff
499678,yankee_gas_nonheating
499935,null_gas_tariff
500949,null_gas_tariff
50065,ct_natural_gas_heating
501205,null_gas_tariff
501798,southern_ct_gas_heating
501886,null_gas_tariff
502652,null_gas_tariff
502931,null_gas_tariff
503336,null_gas_tariff
50591,yankee_gas_heating
507271,null_gas_tariff
507033,yankee_gas_mf
508519,null_gas_tariff
508808,null_gas_tariff
509191,null_gas_tariff
510197,ct_natural_gas_heating
510448,null_gas_tariff
511515,yankee_gas_nonheating
511480,yankee_gas_mf
511947,yankee_gas_heating
513160,null_gas_tariff
513576,yankee_gas_heating
514130,yankee_gas_heating
514198,null_gas_tariff
514626,ct_natural_gas_mf
514832,yankee_gas_heating
516081,ct_natural_gas_mf
517271,yankee_gas_heating
517191,null_gas_tariff
516816,null_gas_tariff
517535,null_gas_tariff
518231,null_gas_tariff
518295,ct_natural_gas_nonheating
518965,southern_ct_gas_heating
519442,ct_natural_gas_heating
519591,ct_natural_gas_mf
519343,null_gas_tariff
520508,null_gas_tariff
521195,null_gas_tariff
52218,ct_natural_gas_heating
522279,southern_ct_gas_mf
522532,null_gas_tariff
522681,yankee_gas_heating
522759,null_gas_tariff
522371,null_gas_tariff
523863,ct_natural_gas_heating
523784,ct_natural_gas_mf
524917,yankee_gas_heating
52549,null_gas_tariff
526835,ct_natural_gas_heating
527183,ct_natural_gas_nonheating
528131,null_gas_tariff
528178,null_gas_tariff
529288,null_gas_tariff
531291,yankee_gas_nonheating
532040,southern_ct_gas_heating
532172,null_gas_tariff
532490,null_gas_tariff
532452,yankee_gas_mf
533296,null_gas_tariff
533976,null_gas_tariff
536169,null_gas_tariff
535836,yankee_gas_heating
535929,null_gas_tariff
538180,null_gas_tariff
537612,null_gas_tariff
538815,southern_ct_gas_heating
541018,null_gas_tariff
541349,ct_natural_gas_heating
542706,null_gas_tariff
543443,null_gas_tariff
545188,null_gas_tariff
544805,yankee_gas_heating
545953,ct_natural_gas_heating
547131,ct_natural_gas_heating
546827,null_gas_tariff
548464,null_gas_tariff
549100,yankee_gas_heating
548742,southern_ct_gas_heating
549975,yankee_gas_heating
55313,yankee_gas_nonheating
55603,null_gas_tariff
5662,null_gas_tariff
57468,yankee_gas_mf
56990,null_gas_tariff
57583,null_gas_tariff
58736,null_gas_tariff
5874,null_gas_tariff
59067,null_gas_tariff
59217,null_gas_tariff
59236,null_gas_tariff
59436,yankee_gas_heating
61362,null_gas_tariff
62035,ct_natural_gas_heating
62348,null_gas_tariff
63124,null_gas_tariff
6355,ct_natural_gas_mf
6446,null_gas_tariff
65617,ct_natural_gas_mf
67799,yankee_gas_heating
68385,yankee_gas_heating
6936,yankee_gas_heating
69843,null_gas_tariff
69909,yankee_gas_heating
69863,null_gas_tariff
70022,yankee_gas_heating
7208,null_gas_tariff
72485,null_gas_tariff
72516,southern_ct_gas_mf
7290,southern_ct_gas_heating
72973,null_gas_tariff
73380,null_gas_tariff
73452,null_gas_tariff
77766,null_gas_tariff
7740,null_gas_tariff
77811,null_gas_tariff
78013,null_gas_tariff
78423,null_gas_tariff
78995,null_gas_tariff
79489,southern_ct_gas_mf
79518,southern_ct_gas_nonheating
81912,yankee_gas_heating
82784,ct_natural_gas_mf
82862,ct_natural_gas_heating
83234,null_gas_tariff
85078,yankee_gas_heating
84959,yankee_gas_mf
85463,yankee_gas_heating
85263,null_gas_tariff
86045,ct_natural_gas_heating
86487,yankee_gas_nonheating
85985,yankee_gas_heating
87526,null_gas_tariff
87814,yankee_gas_nonheating
87758,yankee_gas_mf
88080,null_gas_tariff
89603,yankee_gas_heating
89345,null_gas_tariff
90325,null_gas_tariff
90122,null_gas_tariff
90920,southern_ct_gas_heating
91412,null_gas_tariff
91503,southern_ct_gas_heating
91637,null_gas_tariff
9239,ct_natural_gas_heating
93966,ct_natural_gas_nonheating
97626,southern_ct_gas_nonheating
97893,null_gas_tariff
98080,ct_natural_gas_mf
9823,southern_ct_gas_heating
99040,ct_natural_gas_mf
98993,null_gas_tariff
99099,southern_ct_gas_heating
99280,yankee_gas_mf
